PCON24CD,avg_exposure_pop_weighted,total_population,total_nox,n_cells
E14001063,2.6472250232972034,112141.23831939697,96.40016745666799,56
E14001064,1.6320550248709365,92574.47480773926,62.46156678162515,53
E14001065,3.359720597223672,101679.99527740479,106.56762825138867,53
E14001066,1.469887907292169,92099.65912103653,71.40133690391667,127
E14001067,0.6843432535749997,98005.93519619107,96.40892468695529,724
E14001068,2.4391841800709506,98354.17099666595,117.25120056417654,101
E14001069,1.8309411923269852,107385.92539978027,92.90440023480915,223
E14001070,3.095098382094511,99570.58536911011,74.48351196199656,31
E14001071,2.5745740647341115,106281.12283694744,104.27114563298528,177
E14001072,1.8656232069499905,101040.91906529665,110.54893239667581,451
E14001073,4.019586970849748,130578.99758911133,68.69422936439514,19
E14001074,2.911681188676636,99001.47623443604,113.53315986791858,69
E14001075,1.6041208986972704,107313.37272453308,64.02657311889925,76
E14001076,1.8532423946367218,92382.48875668645,79.45241219259333,364
E14001077,2.440679258145607,116560.88374519348,89.73493978509214,63
E14001078,3.1122083523932274,93651.12312984467,88.48369065328734,65
E14001079,1.8314052446771398,103670.66829650104,132.4322717143259,313
E14001080,3.5595666010080476,99630.37162661552,93.07464727235492,74
E14001081,8.786774058023326,122844.4521484375,93.5534029006958,11
E14001082,1.6790285520586021,114074.24229347706,125.27474660243024,165
E14001083,3.3541383063429038,102839.46337890625,66.33746314048767,22
E14001084,3.58951716546511,100483.75043487549,89.73079037666321,29
E14001085,15.96285613151403,108682.71875,196.5522723197937,10
E14001086,13.212137059723416,73741.919921875,51.695128440856934,4
E14001087,1.6227128080148343,93095.1591701135,94.09905038982106,565
E14001088,1.2497228224422228,91755.13362556696,75.18145939057285,431
E14001089,2.910542227192188,99019.0941696167,57.59326823428273,22
E14001090,1.4648372897486985,102307.05566877127,95.00198986767646,392
E14001091,2.6799944850152944,103113.32320404053,70.39267568103969,30
E14001092,3.5469590222339225,128098.58190917969,101.99076640605927,32
E14001093,3.038866295115466,118888.64376831055,79.24750018119812,25
E14001094,4.636933851999153,120490.71533203125,80.77915561199188,20
E14001095,3.3712550684356777,107628.083984375,69.21034872531891,21
E14001096,11.007667304307137,142718.8865966797,280.5291860103607,25
E14001097,3.4463040049238773,100175.26623535156,94.51519206166267,25
E14001098,4.327993744499709,125965.82652282715,92.98253600788303,24
E14001099,2.650933571084009,93975.77587890625,48.98194122314453,20
E14001100,3.0104814577927455,100417.56884765625,52.98561334609985,18
E14001101,1.5757338043787585,91396.94132654369,96.85638178692898,686
E14001102,3.3273559947842446,108644.41902542114,81.55452958587557,41
E14001103,3.043303759517302,111643.35135650635,73.67704518139362,28
E14001104,2.7475251953418396,87860.74855232239,73.85695805214345,34
E14001105,3.6597469700445364,97378.21276855469,86.35184645652771,24
E14001106,1.4147266568244354,87697.24412536621,62.77302117279032,108
E14001107,2.1537174502064524,99845.49304389954,66.9818162175361,79
E14001108,2.121568794524476,101385.82371115685,62.414270161651075,48
E14001109,1.136091996737415,98574.2978656292,97.94672774680657,208
E14001110,2.7771273890903525,107894.76420974731,71.70791301876307,39
E14001111,3.0839594850863126,122427.1898727417,78.5735747582512,35
E14001112,2.137386070464565,97869.47425103188,105.0953371591022,74
E14001113,3.7798308613382456,88522.0339050293,76.69281956553459,22
E14001114,1.437794124703891,114492.93354772031,101.07520504438435,691
E14001115,3.08659479554437,104669.30907735229,63.394135512411594,25
E14001116,3.9979987688504273,106933.5678100586,87.65286384522915,27
E14001117,2.4169128873295325,103779.18969488144,85.13851666923438,41
E14001118,4.119933007662856,110338.37217330933,82.76891183224507,27
E14001119,3.0343037411164078,111512.77373504639,102.92903361376375,44
E14001120,5.667790166682996,124378.90579223633,131.0808918159455,37
E14001121,1.3092823017594462,105220.55674874783,73.75623388928943,489
E14001122,5.516166077330568,129993.13757324219,88.77058100700378,16
E14001123,5.889691199403361,142186.86096191406,110.93417990207672,20
E14001124,5.887328853142774,127156.41945648193,101.13517549261451,24
E14001125,1.5398373213929706,98207.89453554153,88.16092113293416,301
E14001126,1.9938438753786487,97899.92333936691,100.78303726098966,253
E14001127,1.4451506443251114,89324.27142488584,87.37432701639045,683
E14001128,1.082191924515314,91636.78490450978,84.31074126133171,379
E14001129,5.26989866156674,96882.20936203003,89.76690022274852,39
E14001130,6.753480285734583,96806.60897064209,68.32215007487684,23
E14001131,11.154564093292427,97424.98486328125,132.6013491153717,12
E14001132,4.127527467183936,94655.98431396484,63.87586760520935,19
E14001133,2.6051063959733503,102071.39758300781,51.945162773132324,21
E14001134,2.612038111337312,112010.86797523499,101.14261705055833,44
E14001135,2.7414707803637777,99259.31805419922,58.50650763511658,22
E14001136,0.6386769771853616,95845.84484244138,76.01473141818133,619
E14001137,3.0530605162129167,105202.40421676636,79.61129308614181,48
E14001138,1.3912198031503877,109955.71169400215,90.48487388982903,215
E14001139,2.3104428311834644,110823.15060806274,86.61368645913899,83
E14001140,2.1439962123207152,91473.05753135681,75.35969274208765,60
E14001141,1.530158400186897,107635.0327270329,85.60903024344589,361
E14001142,2.8788676100587405,108904.89827242494,93.51025258746813,93
E14001143,2.577199134560435,108751.33936464787,129.08430161545402,235
E14001144,2.232756734154957,100196.70938968658,79.22577378340065,57
E14001145,2.8836850602570436,115438.75894737244,86.81950673938263,47
E14001146,2.035776493660901,99176.30988639593,162.30233313216013,347
E14001147,1.458039422520621,103650.84091129899,93.31723341433099,217
E14001148,1.178805085063516,95772.26218390465,76.43169818376191,265
E14001149,6.203319459086239,128502.81637573242,163.60490999370813,34
E14001150,1.9876913295318313,94258.24706672132,69.86169924630667,69
E14001151,2.591598761540333,106151.53618311882,107.18418791788281,215
E14001152,2.960160124660047,100647.47236186266,133.57604135369183,618
E14001153,3.020003454491211,92489.25520324707,53.16351470351219,22
E14001154,1.8917074131405813,87279.04938054085,55.66637431093841,49
E14001155,0.5671450550027547,93518.84537953883,90.75234876104514,1253
E14001156,1.0518262626388544,87755.85749971867,69.49856142043427,523
E14001157,2.12005345468915,104757.6491060257,63.82658387883566,54
E14001158,2.7492645101704345,100561.15216064453,89.74673892604187,41
E14001159,2.9609504120080246,98294.16647338867,73.60972257331014,30
E14001160,12.41218007385015,96644.4892578125,99.81791019439697,8
E14001161,4.037512031976058,99617.85627555847,92.78521963581443,36
E14001162,1.6869368741997428,96679.08470106125,90.34632301823876,139
E14001163,3.2592084047256447,89887.47026574612,111.2393614104949,101
E14001164,0.8489000074997072,101717.08060067892,119.3685554176991,716
E14001165,2.3025722848946635,89601.28089523315,83.19910908825113,46
E14001166,1.6602373964808539,99203.12016943097,99.70291568318498,259
E14001167,3.2220646225619802,115745.47403717041,68.21036064624786,25
E14001168,1.5413110405379722,94600.05097436905,73.81479325724649,236
E14001169,3.005705728282585,124202.514503479,84.24950702674687,39
E14001170,2.0623842129650036,101847.20386219025,85.37391780863982,119
E14001171,1.3348542811599358,84253.87815928459,63.311980932805454,105
E14001172,47.691645236256335,148544.08349609375,1144.3437163829803,20
E14001173,2.700449509226022,101738.94058990479,124.33235738941585,198
E14001174,1.4804430083073745,94093.63538634777,63.34274145454401,177
E14001175,8.454630094399365,109912.6240234375,66.7065019607544,8
E14001176,2.61309832392242,113351.35177230835,79.95876686998236,40
E14001177,1.7640961688016403,99672.35702461004,74.32834816224931,130
E14001178,1.5871833109873006,89585.16326570511,80.1026091493477,211
E14001179,1.7568005238672106,111607.35219675303,103.91266319376882,366
E14001180,2.6500289356191753,115601.03176879883,70.29246136546135,28
E14001181,3.9537465302539716,111429.51074123383,112.20200387388468,39
E14001182,4.825870071408202,117185.7740020752,122.92037156224251,33
E14001183,1.5728957481726837,99335.4772258699,72.36897763697198,91
E14001184,2.6771865261055443,110434.39331626892,107.32748567979434,45
E14001185,2.609276447988257,108000.68905949593,115.82831832335796,92
E14001186,2.8995988754916726,88954.7688293457,45.752401093021035,24
E14001187,2.263985454380862,97678.85661315918,62.71866047382355,37
E14001188,8.825861514900954,133980.38891601563,124.53744912147522,16
E14001189,2.4892867216377645,104090.93505001068,49.25274594602524,37
E14001190,2.9200037968929755,91418.9216426611,80.50820515234955,106
E14001191,2.682201828948217,106265.3193769455,110.3694829926826,60
E14001192,0.9767199019179398,113818.8364135027,140.3372561741271,640
E14001193,3.0994758384990884,113177.12426757813,84.49409791827202,30
E14001194,2.9902606320120197,104770.56413269043,79.49841266870499,31
E14001195,0.9387260517603855,88729.89198228344,111.33579228141753,783
E14001196,2.814827361089552,95353.23643112183,76.26253861922305,55
E14001197,1.251564599271401,107477.5457726717,97.35013512222213,317
E14001198,2.247976737178965,115728.65132570267,122.99079914657341,100
E14001199,1.2517258906398467,90940.59357768297,90.78715998410189,313
E14001200,1.2810078178487072,99356.01004767418,63.545728037184745,210
E14001201,1.4699429717387784,92700.35566687584,80.2161054739554,273
E14001202,1.6989414819501907,101854.62640883029,72.62127574726765,209
E14001203,1.4198574464067861,98975.07813966274,135.88180847597687,383
E14001204,2.4519181619387096,96276.82666015625,63.255445659160614,27
E14001205,6.221333468400214,119179.23071289063,79.72875666618347,15
E14001206,3.1273563425469133,98743.43631589413,114.76761099326541,72
E14001207,5.942805581556068,114809.49670410156,118.64009630680084,19
E14001208,2.8935390511481685,105144.80737304688,53.69082114100456,21
E14001209,6.004846357849288,113004.01586914063,86.63473165035248,15
E14001210,2.298102582157189,111260.64070796967,99.42796727962559,48
E14001211,1.4533526931714493,92595.2498613596,73.33548326301388,144
E14001212,1.2603079267030666,98948.0190141201,96.25012212678848,379
E14001213,6.447479207317524,130136.61865234375,55.771566331386566,10
E14001214,1.1501527255037214,96788.94491392374,81.28259855281794,446
E14001215,1.1247257159867026,96260.01502561569,81.51448398441426,253
E14001216,2.73044956599269,99618.39513397217,67.24534881860018,33
E14001217,1.0527698926629463,109448.59031239152,118.24384717132489,643
E14001218,2.952013088664662,97448.37448978424,70.75051784521202,42
E14001219,3.1551688805337466,95697.01594567299,81.2820785556105,38
E14001220,1.9851234155277795,89530.88789749146,64.46225296519697,49
E14001221,4.315702979087929,121984.19770812988,74.14558912507619,20
E14001222,2.2237887546387745,93956.60311889648,77.76942187297391,39
E14001223,2.7391869192441014,114451.69223022461,70.16909670829773,29
E14001224,1.0182858376514226,108241.18699610233,94.88002897627302,569
E14001225,3.4974506241814827,133388.81301498413,97.93368811858818,44
E14001226,1.9666160340173153,97978.81410646439,82.39397813445248,121
E14001227,2.4331265298012856,104385.53514575958,95.59890317125246,58
E14001228,2.152062087879219,94743.55147266388,66.33885819697753,63
E14001229,3.8499721021634623,130110.25344848633,93.48170854151249,25
E14001230,2.2495388316889366,99552.03594207764,75.66663618758321,46
E14001231,3.97533567997974,101212.22140693665,95.79839242924936,33
E14001232,1.715128445443304,94641.81399223208,95.8481539899949,225
E14001233,1.8604667134601345,92898.5370786488,70.22533179586753,93
E14001234,1.2660817754546523,102676.69189119339,89.49981164740166,169
E14001235,1.4754447835939006,104612.57458889484,109.94191587406385,358
E14001236,3.4097693853273348,143255.6968383789,90.78484836220741,29
E14001237,2.340226700661268,107152.41305541992,98.15668585151434,45
E14001238,5.176870497485232,115774.51782226563,95.35549354553223,20
E14001239,2.0347722161395385,88413.94557139277,65.8107827611384,187
E14001240,0.6845537434298866,90724.10210344195,76.07147268718109,545
E14001241,1.0711833619368578,94773.90053069592,76.5871513702732,463
E14001242,1.9079832046489815,95467.06497001648,89.85503959590278,166
E14001243,0.841753651182325,96777.07357895374,97.33044467537547,885
E14001244,3.278808942785796,96347.23540210724,108.40643638558686,43
E14001245,2.326240734752905,107304.57288908958,76.17872589128092,66
E14001246,3.8236754813597216,98047.58388710022,65.42263771872967,29
E14001247,0.903178099721042,90925.69580152631,89.74634346438324,603
E14001248,2.6811566867753527,112531.33749389648,79.30582010746002,34
E14001249,1.138744949458766,93333.2408618629,86.44886952271918,325
E14001250,1.5505894499068948,100253.15141907334,117.32986554036324,577
E14001251,3.0019558105724586,108506.30102539063,56.19868767261505,21
E14001252,2.07558890596995,93409.09407806396,58.731221643742174,35
E14001253,1.5019708432999814,99034.4914361909,90.1642549499229,549
E14001254,2.092339425107193,103707.46039295197,62.75973484064161,92
E14001255,3.5159153111180443,102860.20903396606,95.16056682652561,34
E14001256,2.127049654520018,95819.53648281097,85.04040528749465,153
E14001257,6.782641279472743,90727.348876953125,85.05644345283508,13
E14001258,2.926542956947509,104174.35062408447,106.64569633640349,129
E14001259,7.782202416433844,136877.0785522461,75.70784448087215,12
E14001260,13.57079348886225,95046.09765625,84.148850440979,6
E14001261,2.35460019616448,91407.48024749756,63.668986573815346,29
E14001262,2.596773089496125,105750.67196369171,85.78365319641307,62
E14001263,1.485669082198643,108666.4695084095,94.7056531663984,93
E14001264,14.511300911268318,149717.83056640625,212.19144439697266,16
E14001265,10.86707618359092,122671.16506958008,136.89080488681793,16
E14001266,2.264148769419704,100105.59744000435,82.34722201088152,147
E14001267,2.2984012194833556,109638.22759497166,106.19771903683431,146
E14001268,1.8181362279176445,104839.06712380052,91.22286376499687,237
E14001269,3.1337031490786478,99320.38681459427,103.66353980149142,121
E14001270,3.505115369625826,110189.47857666016,69.93648114800453,25
E14001271,4.729983225280924,146467.1932373047,89.96322298049927,21
E14001272,2.8163813105748265,90020.40029478073,86.57180318752944,86
E14001273,1.0865302288786822,96664.98015260696,75.52845337854524,297
E14001274,2.4644819586233826,94454.99561220407,65.89309422683436,116
E14001275,1.8118537664638816,90464.74744987488,56.15219948347658,46
E14001276,3.3311674890438696,131211.3212070465,149.4988032579422,41
E14001277,2.1620379211746674,92941.90868377686,75.57372441142797,60
E14001278,3.4172371270687223,95235.29073429108,124.17375085107051,58
E14001279,5.067747168816731,132396.36466789246,95.77938894677209,25
E14001280,0.9729456110033882,103011.71997120976,107.66157786213535,503
E14001281,1.9180006406173449,95427.98503815383,115.41586411026947,699
E14001282,1.1745638124531017,90647.72758722305,98.48024620781871,203
E14001283,2.3181434501316636,103028.19558668137,86.49690126266796,114
E14001284,2.4849538688801953,104655.28097748756,110.41905512509402,113
E14001285,1.0227689753213138,95358.38874015212,132.07590737371356,1490
E14001286,2.3929404322423284,98488.62793552876,83.77696992938581,61
E14001287,1.7731097682204855,91696.69477033615,172.41563988865528,278
E14001288,1.5049632390551744,98608.0283896923,84.50079290335998,268
E14001289,1.4587502504574141,99884.94949895144,74.49698630748026,195
E14001290,34.261069455880126,91592.7822265625,299.51130962371826,8
E14001291,0.9985170265525218,91443.90611720085,79.99384403240401,632
E14001292,2.4967036820512534,111581.95407390594,64.87381924630608,57
E14001293,5.364317108013139,112564.98876953125,71.62062966823578,15
E14001294,1.6939226745561857,107822.68681848049,86.78246466792189,306
E14001295,1.8076105876131559,95221.46654033661,60.91938976495294,68
E14001296,4.602696420560169,101431.89358854294,67.52811928029405,22
E14001297,3.541863821393168,106277.91724014282,157.18583391979337,47
E14001298,1.3791062625615345,107058.89701552689,108.1191769985162,439
E14001299,2.706799567254537,91373.01757192612,83.00901359631098,85
E14001300,3.474591919819251,104986.28197479248,54.34702151454985,24
E14001301,5.39911144348045,149583.55627441406,82.55527698993683,17
E14001302,2.9406967449811128,119232.59268188477,85.63903550803661,33
E14001303,1.659192532564181,65559.35835015774,51.86902739913785,107
E14001304,1.6985454324217506,67010.49401779473,73.25861767712922,234
E14001305,9.356847789638133,116826.44140625,74.8617935180664,8
E14001306,22.985121279352438,120063.4580078125,179.19158029556274,8
E14001307,1.9863917326188192,93471.29392337799,60.92015955271199,40
E14001308,2.407408492013389,99944.56902527809,86.68421580764698,146
E14001309,0.8934235609843506,102725.43828481436,102.36713255067298,608
E14001310,21.459703715328875,124043.61474609375,266.1082844734192,12
E14001311,2.0966284856825252,114796.09491075575,113.89850340976409,211
E14001312,4.6604144346998355,112364.63166427612,90.47731231269427,26
E14001313,2.4516231080539956,101293.46198797226,95.374831517227,33
E14001314,3.1249784364160305,115116.59516906738,92.15260959230363,37
E14001315,3.3410416133415923,100082.7222290039,84.11702688783407,35
E14001316,1.5749011767736083,106007.32044768333,73.78725256538019,183
E14001317,2.1331661198254723,88311.19133090973,78.9578172758338,49
E14001318,2.7140366155260134,94128.2150144875,115.35793290895526,334
E14001319,10.816635660938289,108376.275390625,220.06774121522903,21
E14001320,3.9656188069122513,123012.19326972961,104.63472358329454,52
E14001321,2.619328843393625,86903.34607505798,61.85941446000652,37
E14001322,1.9637141012078805,90519.7133808136,73.29691360378638,82
E14001323,3.736137069589473,119628.10897827148,126.40906873904169,38
E14001324,1.921516127767248,94351.56370925903,72.27326924190857,56
E14001325,2.743502453188883,105653.70304870605,68.06720130704343,34
E14001326,4.4769176352576965,129687.45178222656,84.34455454349518,23
E14001327,5.923639882161534,108109.18041992188,84.91587388515472,17
E14001328,4.379748261317725,136318.4503479004,124.7934931665659,35
E14001329,2.126385601886197,108863.09273719788,69.65362263610587,54
E14001330,1.3648553374488808,98338.90822443366,75.60772117743909,276
E14001331,3.96191386833972,115371.06164550781,61.290730595588684,17
E14001332,7.948745704311758,122570.09423828125,92.19721531867981,12
E14001333,4.64205188189719,95673.095703125,53.49797987937927,12
E14001334,5.573942152321585,116542.95812988281,72.525945246219635,17
E14001335,1.4735353122070602,96358.31042158604,87.90040095961012,306
E14001336,3.2945157953365674,112082.87360954285,100.73231471661711,57
E14001337,2.8044962180863844,89990.31237220764,90.02110858634114,34
E14001338,9.574567545085229,97443.47175121307,144.9889553785324,19
E14001339,4.00041338631328,116374.40747070313,93.90129673480988,27
E14001340,3.36916058137921,106432.24267578125,64.8825675547123,21
E14001341,3.8907083834139735,97392.17175292969,74.4515928030014,19
E14001342,2.4358376018839434,98095.62433433533,86.75219966683653,119
E14001343,0.9484887965794689,95656.66118749976,95.89391201605031,1055
E14001344,1.7749198825939865,92294.73189049959,58.14888681466982,102
E14001345,4.179494490809692,104740.86022949219,85.25847589969635,21
E14001346,3.8643379078776166,137950.305975914,116.8620181659935,87
E14001347,2.3988834610133196,94853.67697271705,99.76871001006657,272
E14001348,2.3193702378770737,106084.72249269485,110.78992796721286,170
E14001349,3.292446510910859,102588.31315231323,95.78511672548484,50
E14001350,2.001365950697162,103794.58854484558,77.46581065451028,56
E14001351,1.014979477230639,101554.57719349861,71.12684788758634,328
E14001352,9.980289385656503,105299.84307861328,177.5584073960781,26
E14001353,8.616317536139873,111004.2333984375,122.03635358810425,14
E14001354,4.795178948405339,92863.0443725586,72.05576975643635,20
E14001355,2.1389364247602076,104794.34013748169,74.6399836941273,66
E14001356,1.249706616874256,94387.39876484871,85.30686963410699,327
E14001357,1.2669294351346325,90739.94665464759,78.29382570728194,449
E14001358,1.999396428783346,101740.29367113113,118.13939382517128,135
E14001359,1.1151964992691128,110261.0165001154,138.23240490016178,318
E14001360,0.6715325813410549,101477.07853531837,84.32876637754089,492
E14001361,2.006055152043128,93767.46843004227,99.35251800663536,101
E14001362,1.4615878578331556,89901.34321093559,67.65189239970641,140
E14001363,1.1648159043530144,96630.49146652222,70.03811794010107,253
E14001364,1.6915542986673204,99749.90534114838,114.90445210842881,130
E14001365,0.7511193849358455,96002.53212529421,78.42891088560282,735
E14001366,2.0078402935679445,97937.99881649017,79.94573924416909,161
E14001367,3.082728740470435,116449.50812149048,101.6043590605259,38
E14001368,1.4271472635121922,86462.51058906317,59.07431070902385,155
E14001369,3.3083925736086486,121134.4879617691,188.0226167049259,63
E14001370,1.7879885416938999,102743.32258367538,77.84647195896832,184
E14001371,4.709143072786567,116880.69952392578,72.40212418138981,18
E14001372,1.5388033161307948,97836.413236171,88.78361914292327,535
E14001373,1.2665952770282376,88931.91817760468,82.1749408638716,292
E14001374,1.2339681492943848,86698.1741528064,76.09654128119291,279
E14001375,1.2454422871319475,104981.654607974,120.30466794276435,635
E14001376,1.8284508886069861,96415.94062454998,96.1836554283218,331
E14001377,6.237088135955014,139795.48992919922,174.8625124692917,36
E14001378,2.966642196423202,106378.10009765625,77.50959974527359,27
E14001379,5.058523492426633,98317.51007843018,126.8558298908174,31
E14001380,2.4821748282707836,94581.4074280262,94.2626416998246,105
E14001381,1.2967913853858586,93073.70729613304,68.46940732488292,194
E14001382,1.6890800151846501,93771.53235333785,112.32243001268944,216
E14001383,2.505314073320314,103488.0904250145,128.7871665142011,147
E14001384,0.9402758920629013,108155.64017897844,88.60233417450218,494
E14001385,0.6423056310797564,97972.19716741145,97.76824343661428,1166
E14001386,1.1842516055478265,97585.6139729917,134.7544121464016,883
E14001387,1.2677814222449542,97812.35247070342,101.30515341239516,945
E14001388,0.9624573331921342,92458.72445342317,89.43766600062372,653
E14001389,1.430169892047627,100497.31469939649,86.32451809516351,193
E14001390,1.4329029223985634,100225.4834446311,85.82667757093441,445
E14001391,1.2066328370989268,96756.00201964378,77.83302297902992,206
E14001392,1.2329862658715893,111872.72704231739,95.75155555261881,305
E14001393,1.3889097266378636,106120.78382843733,85.37713908789738,431
E14001394,1.2382156662857076,98727.58259773254,64.24245526577579,201
E14001395,0.7517161982436058,91595.84123844653,137.10252776950074,1348
E14001396,0.6888660171978157,81068.01318663359,77.87396471494867,674
E14001397,1.217301204388307,89319.54612817988,120.7537896069116,1193
E14001398,1.1974007507541407,100707.03505319357,111.37624468602007,744
E14001399,1.6669685731291932,89477.79917091131,156.31399878137745,191
E14001400,1.3486907788496583,97037.3416864276,94.26200770636206,264
E14001401,2.001936174840246,118137.65574263036,156.07195016619517,317
E14001402,0.9990228243299417,113260.11316458881,106.12526315348805,570
E14001403,1.4951327093366755,108963.28797352314,87.24159873541066,371
E14001404,1.4023991845235575,101774.15439033508,123.89438988571055,225
E14001405,1.171885240247039,102325.33972500265,101.7231275081067,542
E14001406,4.276690846616081,128903.22258377075,109.90519849956036,31
E14001407,2.303539153744988,101221.17332839966,115.1770173534751,48
E14001408,2.2401404249606007,90424.6136932373,67.68000403605402,39
E14001409,3.7322412050365688,108877.64727783203,93.39104396104813,31
E14001410,7.365289770529684,129585.29107666016,136.10643243789673,21
E14001411,2.7835141635878684,107436.40585517883,72.63436511388863,41
E14001412,6.271633706795582,100503.94411849976,151.42794046620838,32
E14001413,2.307783871139207,96663.8688826561,77.75231352364062,76
E14001414,2.7202644434760903,98401.86575317383,59.98414824530482,28
E14001415,2.5364335551627932,108255.67374813557,72.61142879393446,72
E14001416,4.257608850595009,118098.52220153809,102.64348120987415,30
E14001417,2.2119933122184388,97020.21198987961,64.12259328432265,67
E14001418,1.2260961197897906,95158.00370979309,72.80449179530842,145
E14001419,3.7980905190817857,111544.169921875,90.87579126656055,28
E14001420,5.198531167115124,104614.29446816444,138.42631732922746,101
E14001421,7.720422663034092,115975.529296875,65.61502289772034,9
E14001422,2.348425546035283,108228.34672605991,86.82987635478639,210
E14001423,1.2030786908716777,91457.57591205835,62.77483675442636,214
E14001424,1.2518725933227486,97927.1680123061,137.6994205911069,1282
E14001425,2.5858498994668584,127715.99624729156,95.95223048905609,143
E14001426,1.8023176798165685,96307.27030944824,54.86180303990841,32
E14001427,5.223259632318466,102338.00205230713,87.54948729276657,20
E14001428,1.9042457282421053,99632.12000656128,89.93483939795988,71
E14001429,3.249191017936192,92341.95240783691,76.43010273575783,27
E14001430,16.46080299814344,126240.8583984375,195.16691088676453,9
E14001431,3.2226877687433495,80081.71371459961,55.218654692173004,22
E14001432,8.04549430992597,111847.76113891602,104.4228188097477,13
E14001433,4.31533391447361,114646.71622276306,134.78440185217187,41
E14001434,7.41514745965302,104030.95922851563,88.33876064419746,14
E14001435,9.471921641559215,117738.99609375,69.64134550094604,8
E14001436,1.583895321034873,96765.23460388184,89.03644849473494,94
E14001437,1.5955192772410516,94064.86565589905,49.40522726860945,67
E14001438,5.440674411596961,108383.07543945313,112.94351905584335,28
E14001439,1.2754918869541099,91426.14241234958,75.1497135735699,283
E14001440,1.7951030684487284,92329.15127779171,59.329308668966405,58
E14001441,1.7692654992250874,94294.6064581871,73.03440609921745,180
E14001442,2.3831908700539595,114384.06972908974,108.86942630191334,89
E14001443,2.1175333534271026,106840.1981740892,132.91402840628143,535
E14001444,1.2685178954017629,92934.09454389662,137.39824269783276,1171
E14001445,4.188024393430945,121625.26461219788,103.75135422762833,38
E14001446,2.6678847625474975,104851.47789669037,75.21682324638823,62
E14001447,2.4328766904620256,106543.0493183136,90.88033426003676,107
E14001448,2.8894717132390184,106277.44546508789,59.094922643431346,30
E14001449,1.1709520900037815,96632.59598201513,96.53684339344909,442
E14001450,1.6973778568213596,106510.5801383555,85.78184323581809,181
E14001451,1.4582379446939695,94125.45586585999,71.3762951810204,139
E14001452,2.108579161886168,105196.9934387207,89.49344891111832,59
E14001453,1.8953208360984508,111853.19074547291,104.5219781700871,228
E14001454,2.8467285181982316,93087.30253219604,71.68646419979632,40
E14001455,1.7695216790976303,94807.10472893715,112.7419733542556,165
E14001456,2.2231528247616583,112744.0180644989,143.53526546480134,108
E14001457,1.8241718973854812,99345.2441676557,91.67147804613342,250
E14001458,1.1427668972818898,92126.81863564253,94.60714016694692,686
E14001459,3.9466169353674827,123857.58361816406,114.87125658988953,29
E14001460,1.444293255006576,90452.3244702518,101.76584435996483,496
E14001461,2.472626543825182,97201.60572232306,107.23187754731043,483
E14001462,1.988718465659163,105074.65796351433,94.93207531466032,207
E14001463,1.9218287806562007,98339.26447737217,73.30056573702313,79
E14001464,1.372642614668964,102551.87428033352,106.34159463117976,431
E14001465,1.2608279091426156,100606.91633248329,88.52326483040815,248
E14001466,2.7806531601020543,115732.29000854492,72.38014689087868,29
E14001467,8.997838600764267,86156.349853515625,104.09198343753815,12
E14001468,2.2304858565136767,83772.88223835826,62.88462595711462,98
E14001469,2.2824159911102524,109498.99755859375,61.01468241214752,29
E14001470,2.0491411153780796,103458.91634368896,113.37731290981174,47
E14001471,1.3526819598535469,100537.91604715586,89.9352308047819,262
E14001472,1.8567136501558592,94903.70894241333,66.17973667662591,84
E14001473,2.25875267453812,100436.50937256962,101.6641488855239,314
E14001474,1.6839231192950228,105262.84446775913,76.28894158354524,121
E14001475,1.518619963406685,103056.12541220337,153.79391111254517,1182
E14001476,0.9210845507638914,95483.53625237942,78.39531315662316,557
E14001477,3.99324867693372,131542.48525238037,95.01860146224499,26
E14001478,3.210409290263294,110086.48913574219,67.92102086544037,22
E14001479,2.3349246577591827,101988.22576904297,81.25005716830492,43
E14001480,1.5710269861025126,95326.54542374611,60.32647315366194,101
E14001481,1.0848888299085253,100531.75240917504,111.37640556132101,457
E14001482,0.8735449122796788,96764.54497386515,98.60393807697983,736
E14001483,1.435142312313287,96513.85121116042,83.65991508052684,274
E14001484,1.0326657333254907,89314.2590367198,72.70157942755031,585
E14001485,1.451810830474307,93831.94345915318,78.83423767780187,269
E14001486,0.8956038471060277,86335.17911782861,76.39005564988474,672
E14001487,1.0152854770282023,107726.91189059615,91.30164282032638,654
E14001488,1.2360257625451272,104205.46860568225,127.06012228829786,309
E14001489,0.7426288784936376,94557.13598290086,87.40172528853873,483
E14001490,0.9835497722796399,103738.00425374508,116.88948552402144,535
E14001491,1.4052615395243844,92094.4173169136,65.05420831874653,132
E14001492,3.000226984438186,88573.7174911499,67.66711803618819,36
E14001493,0.7502247711249733,95972.3873341009,116.54014361299778,1645
E14001494,0.9172272341589753,92019.52878832817,76.74850408908969,567
E14001495,1.2729752464821464,100953.35001079738,73.23344608719344,303
E14001496,1.9253633184130472,102354.07023859024,99.45206743571907,99
E14001497,0.7940457059436344,103649.77514718473,81.19215520174475,806
E14001498,1.7294138544837658,96238.50779819489,111.87741336187173,281
E14001499,3.5892235027684665,103747.60400390625,66.33970350027084,21
E14001500,4.307663324247576,115943.8286743164,80.08830997347832,24
E14001501,3.1954497693815616,98427.21181339025,65.64945098737371,88
E14001502,3.004372375693717,97958.586669921875,60.19909995794296,23
E14001503,4.447463475873744,114270.70455360413,71.14349475130439,25
E14001504,2.755832620306004,93899.75589060783,94.88345784578996,95
E14001505,2.444329605277306,97220.16046333313,78.15802368038567,48
E14001506,1.8621373092527964,99270.2572631836,71.2902676933445,57
E14001507,2.75219851740112,98170.59660768509,86.6351419321145,62
E14001508,1.4306413356964123,96421.16515153646,106.6100921909092,284
E14001509,1.7901449770667859,98425.1448726654,84.45506042882334,82
E14001510,2.727989126525066,101124.37809705734,80.35960609465837,53
E14001511,1.0682926371718506,85840.84382528067,92.3338381513604,547
E14001512,1.0828999329070954,102952.74133246392,66.17049651309208,269
E14001513,2.26249351940573,90450.63713398576,108.02140721566684,381
E14001514,1.3604319773944957,90594.24490064383,99.99468086536217,496
E14001515,2.223595781641074,98678.74157810211,64.91041559106088,56
E14001516,2.0469324807755673,96502.20692443848,73.46983795135748,65
E14001517,3.713914091952244,101077.50341796875,82.74031156301498,24
E14001518,2.8426202324193435,95294.37368035316,100.25461939096567,70
E14001519,1.5879915623844876,100735.14173460007,72.31231588852825,181
E14001520,3.173116757249075,111381.39306640625,114.7021684347419,37
E14001521,1.903362791269784,97920.08223342896,63.69767197407782,47
E14001522,1.7542412764804978,91318.0621907711,82.99762980628293,153
E14001523,1.2906808431902708,107812.44626826048,104.43522484178538,385
E14001524,2.396759354356961,80368.73992538452,58.777661370288115,26
E14001525,6.690828608403316,147133.0205078125,84.87127327919006,13
E14001526,1.438440608290462,97391.94876672328,123.40465612823027,571
E14001527,4.704602016996767,122451.96533203125,61.565107583999634,14
E14001528,3.8997305409120155,111712.13375377655,155.9831472292717,44
E14001529,1.7278166991477681,94120.96912544966,90.6179845839215,253
E14001530,1.0461662714827018,89109.28175906837,85.5743275795976,587
E14001531,3.2445582496395784,95446.73080444336,90.15863463282585,29
E14001532,1.7117115401017866,96257.31750917435,96.49306095959037,113
E14001533,1.0543256570142439,94397.80129885674,79.02941625757376,461
E14001534,4.379564559234446,120070.96008300781,79.83666408061981,20
E14001535,2.212897681538631,103875.69315338135,89.74319717264734,56
E14001536,2.0039273078033584,114000.28373146057,80.30108420367469,89
E14001537,3.9888516522274333,96556.60214447975,93.38076706446009,31
E14001538,1.6639309208653914,97810.81116843224,79.8071558016527,175
E14001539,1.5273041030915007,97042.33524587378,121.52303065081651,348
E14001540,1.91218968035556,107994.75838217139,95.68796006578486,283
E14001541,1.7321804135512981,99872.90264892578,80.34591175615788,52
E14001542,1.314405232351697,94173.86445761472,69.47533227317035,277
E14001543,1.4896194148874504,112572.05825644732,113.9375663924875,479
E14001544,1.0053961778518108,94368.693274647,132.24342805151537,1425
E14001545,1.0346298558017362,104140.09123033285,109.85586576903006,385
E14001546,4.042510337838937,116602.65964496136,156.32279889003257,62
E14001547,2.6172913793685675,112882.5859375,75.69594258069992,28
E14001548,1.1740537385998444,87267.46433285624,106.42024662105541,1050
E14001549,1.4462438716892705,97781.50563943386,82.33637045760406,290
E14001550,6.074286188674164,84223.20556640625,52.1347177028656,9
E14001551,3.132650591270286,97773.19343090057,83.83667247835547,39
E14001552,0.8241065653282276,94265.90507343411,97.18206840966013,1322
E14001553,6.025130902104757,133193.2275390625,68.91799020767212,12
E14001554,1.5872859294388786,92576.95703411102,90.05401762688416,419
E14001555,2.113974819920584,105936.8558087349,95.70314679047442,241
E14001556,4.080381619676623,118712.07266998291,98.79547046951484,30
E14001557,3.491174439143264,92043.11124420166,112.30639421287924,32
E14001558,3.4445153946993057,115363.38021278381,97.91275505395606,38
E14001559,13.10138212824296,87613.66015625,86.71220111846924,6
E14001560,2.7980076271478374,105606.36311721802,120.74598539443105,58
E14001561,2.523715418586185,87446.5425567627,47.4022380556562,26
E14001562,3.178713947005985,117603.10948181152,87.82022151350975,31
E14001563,5.236940138925538,119119.99096679688,63.97884386777878,15
E14001564,2.0869628692584077,91542.86773490906,81.63622749317437,85
E14001565,2.6150059454080714,106424.37302303314,154.24421008658828,76
E14001566,3.1451203836519044,103046.1506447792,102.81554485093693,85
E14001567,2.0146081594221186,97286.53463697433,96.63609212869778,69
E14001568,4.71107914498738,105183.62309622765,85.74710044590756,23
E14001569,0.5277970333625676,91099.62349176407,95.00597747282882,935
E14001570,0.7140059169685092,95272.82653354108,116.67130200186512,707
E14001571,2.366131079999412,111278.38696289063,102.23056246513443,86
E14001572,0.8591719830264425,89684.52113494277,91.70831640250981,569
E14001573,3.625236666044742,113257.94608938694,152.812331582958,105
E14001574,2.5838503178728573,122913.01899719238,89.54541251930641,37
E14001575,1.51755695283928,94269.69259025902,105.49054007173982,864
E14001576,5.097293762228589,138627.0823059082,74.91530776023865,18
E14001577,1.7490719168847146,107678.76671135426,112.514551291526,245
E14001578,1.3508766148775344,115922.64174465835,123.05095172945585,555
E14001579,0.9352770621115937,106040.85832116008,107.32538994147035,678
E14001580,1.3421748753365836,91049.02000299096,170.31391043818803,1397
E14001581,2.072017445006836,94933.72462582588,60.00631983630592,60
E14001582,0.9087048119261956,93033.28272950649,119.86807919864077,827
E14001583,1.5188467434625383,90465.75329065323,92.3232358706573,357
E14001584,2.058834729498031,98210.89592409134,85.84908399556298,61
E14001585,2.6607953803856965,98546.25639724731,83.61583704687655,60
E14001586,5.253482281304744,128873.50263977051,107.42277143895626,24
E14001587,2.228000738628063,105450.68004281819,114.52862018771702,481
E14001588,2.5236401240139954,97197.5802154541,116.92175709560979,104
E14001589,1.7227305997985634,85112.35871195793,76.21322547517047,83
E14001590,1.125983516384311,102295.3332234621,81.4864421950333,388
E14001591,1.2468318512971215,96025.092410326,90.39181371613086,457
E14001592,2.7082706278876096,103445.57091522217,82.64006942557171,61
E14001593,1.6882353446097107,105844.06965351105,95.28205443837214,145
E14001594,2.5832997886558613,101343.81590270996,63.91760355234146,26
E14001595,3.0125645420813663,115926.26770019531,99.96869307756424,31
E14001596,3.406481184850619,112416.58703613281,106.50790464878082,33
E14001597,2.425861364335337,103672.13955688477,79.07217025756836,36
E14001598,2.251944969996465,108422.82105338573,80.17424740735441,68
E14001599,2.2963591209240968,88207.39330816269,55.64613451354671,64
E14001600,2.6966624876560017,108216.50726485252,106.55013169895392,139
E14001601,1.8315745659627902,98958.65811228752,77.88363691567793,191
E14001602,2.6418170448683074,110989.31529045105,79.61133750062436,34
E14001603,1.879064780985327,105530.45079302788,91.03977440510062,324
E14001604,4.713719063034063,93508.58151245117,88.72593435645103,22
E14001605,1.3839907953382418,109655.02345097065,90.9370584616554,231
N05000001,4.223938660115003,94587.30968809128,133.33458526001777,51
N05000002,3.753817152205799,107590.50096046925,108.83221584244166,49
N05000003,4.9625798958135725,130365.59756183624,160.8228120941203,121
N05000004,2.688548217172157,91344.20070648193,58.70578758046031,33
N05000005,1.6284778907054633,96759.38740849495,106.85459212377464,642
N05000006,1.18163364258846,102000.42571160197,126.715771930154,993
N05000007,0.538726207842358,111304.37571115792,144.38730011618372,2165
N05000008,2.579164716806213,95921.69159579277,120.2792755025439,121
N05000009,1.814093132312179,113355.73573732376,142.36382635077462,483
N05000010,0.6729100308455336,105080.30201040208,121.21247744291531,1084
N05000011,1.1714854116068312,108634.63810828328,132.16931880789343,910
N05000012,1.3233751257687687,101336.8368159607,132.57709015572073,926
N05000013,2.398276085870014,91594.43600845337,92.88702351247775,118
N05000014,1.3028040030827057,107021.69648015127,123.02452842779894,644
N05000015,0.8444334934291968,105119.97339914739,126.78742074426555,972
N05000016,1.3213817861872736,98197.3839572072,105.51182405638974,674
N05000017,1.873707365615953,121501.23490685225,154.86419118994672,347
N05000018,0.7293279213752393,99142.85732572526,128.19931271951646,1719
S14000021,2.13147539398697,100992.94742757082,75.53294543933589,129
S14000027,0.4420486962324386,21440.23348684609,34.45632729801582,655
S14000045,1.7841570804341,97312.55611681193,88.50447356852237,246
S14000048,1.3727208269776545,87969.65410964936,70.9752742247365,351
S14000051,0.8635042785462347,39576.30839313567,58.31639892511885,1242
S14000060,3.04910281252252,106319.8872410953,121.21364049380645,94
S14000061,5.176031456368599,112269.90756940842,143.7443176759698,82
S14000062,1.5759796516175304,90699.9857172668,121.3971500916814,1175
S14000063,1.5118660928761825,91802.94946679473,81.11614952684613,182
S14000064,3.3146049536335753,89872.21553350985,166.65299601158767,113
S14000065,1.1268294783616506,96391.54060228541,139.9192076859763,1831
S14000066,1.545519078546055,94539.26987926662,81.18619530578144,372
S14000067,0.7883020924214402,73480.73940904438,89.45024602380727,1990
S14000068,1.5184824984606682,94453.8388890028,91.02539611990505,193
S14000069,0.8641784615258904,90368.4596767202,146.6967398051347,2180
S14000070,2.093104896572679,95552.97867786884,102.1389335913118,67
S14000071,1.8133211519671708,86848.3966858387,75.8354209709214,132
S14000072,1.8243922429442705,91015.13941451907,84.19439164482174,112
S14000073,1.3485342773320856,92942.93186023831,146.10553044622065,1976
S14000074,0.7323042946137789,87224.72464933991,113.91916119860252,1907
S14000075,4.32429201326104,102410.59670639038,117.13025523722172,39
S14000076,1.940128853218781,95472.76950126886,118.06373980481294,226
S14000077,2.013392108043645,97632.53414809704,93.31737723088008,210
S14000078,8.792096388941872,119173.62795639038,163.80934705026448,31
S14000079,8.04149476217431,97221.1459197998,103.09288817644119,16
S14000080,3.5958176108177566,77450.92322540283,69.4091144260019,29
S14000081,6.286131127038074,120934.5145778656,140.81362796324538,64
S14000082,3.1685117083678667,105336.59525537491,112.7596475314931,98
S14000083,1.5745018391561791,100050.57668292522,80.03485135943629,180
S14000084,3.765826207950405,101406.94618225098,87.48756824992597,31
S14000085,9.227784943017905,105360.89395618439,169.71386502066161,28
S14000086,4.6861051380178225,116117.69093322754,114.40784293413162,42
S14000087,3.513362790760364,86174.91394042969,57.473486334085464,27
S14000088,4.156106814027161,96848.2854309082,104.84318565577269,30
S14000089,4.576762722954338,91445.0517578125,69.23955368995667,18
S14000090,1.2472260854354744,87517.914953053,63.16626204334898,152
S14000091,0.8024878070725892,94401.39686545357,118.62360212701606,1765
S14000092,1.9794066818039056,99890.79100266099,90.40282434536493,220
S14000093,1.917068962940233,87163.83599993587,72.18583071455942,136
S14000094,1.585805604770588,96797.0974315349,124.34876642667223,1365
S14000095,1.980347151949406,101542.2939170599,118.19702163315378,168
S14000096,1.287583960689999,92564.2809882015,86.67635050707031,466
S14000097,1.8246255096464614,93928.25251734257,74.76337349932874,109
S14000098,1.394073979529592,96600.63472224772,155.68048194641597,1477
S14000099,1.8135012498901049,99417.06543973833,78.25212532136356,174
S14000100,1.5121661832782987,83528.14891594648,105.93962592232856,669
S14000101,2.3529558664236068,89147.12402831763,94.4148477196577,80
S14000102,2.414494528601289,99697.07741472125,85.17528574204334,115
S14000103,2.277425004864397,101371.78281285241,137.8403611491085,871
S14000104,2.2892979569120926,91894.19455909729,65.07246895879507,42
S14000105,1.8051105955457905,101666.90684613585,133.8779229420179,897
S14000106,2.123602170302373,89780.11734858155,80.18325396452565,99
S14000107,1.5678759587769155,86155.3988764286,104.34458633232862,720
S14000108,0.9990072178196298,94931.22151344456,119.44154617097229,1766
S14000109,1.5417795757158643,84264.3853752613,90.38085434617824,222
S14000110,1.4912887520407407,97454.35699120909,87.77907897045952,431
S14000111,0.9141998927236885,95242.20782487094,118.47683659972972,1467
W07000081,1.478438578733034,94119.11493587494,88.69365106342593,149
W07000082,1.3574268798898381,99985.8718599081,88.94631568036857,175
W07000083,1.3564980166193041,91073.88560970873,115.93865032226313,863
W07000084,1.1820788762652974,91456.99907904863,61.48241277797206,128
W07000085,0.717549722767406,90308.72946160287,117.48616805681377,1921
W07000086,1.9724873300138674,93235.8568751812,90.28534543034039,117
W07000087,0.7313524647971401,94049.07871480286,125.2220681575418,1744
W07000088,1.3740156058488198,104017.74400529265,77.56778702957672,125
W07000089,2.5567745238743957,101989.32396316528,57.00385220092721,29
W07000090,2.592758456474375,92404.31154632568,68.46662650012877,47
W07000091,6.841061578542693,118016.42867851257,219.2580369708594,53
W07000092,2.7416341612972737,96615.67757034302,62.774903689627536,59
W07000093,0.8103068414255534,89122.61195788905,129.9318058708741,1961
W07000094,0.9081232017865477,96361.78792171925,100.36246067077445,590
W07000095,1.6763382000404905,94321.82344222069,89.98378011171008,156
W07000096,0.7103361047466925,91619.68840844929,123.02138151513645,1486
W07000097,1.405505288825269,98658.90068596601,94.06651429983322,271
W07000098,1.4071570470579071,92807.68391442299,125.21666219318286,323
W07000099,1.5749600814150366,97276.04895418882,78.42959458578844,148
W07000100,1.1762127430258942,96573.70740236342,127.43893894314533,904
W07000101,1.034919364145523,92673.28687779978,100.38560369987681,813
W07000102,0.7595399721052629,97842.53261819482,139.39028221044282,1694
W07000103,1.4389300710015998,100596.88441503048,102.57050495373551,142
W07000104,2.537520183400041,110043.75989437103,89.78928558246116,113
W07000105,1.3167428655419535,99793.47083115578,66.06984062719857,132
W07000106,1.3930605509600855,100680.55126094818,93.46028712476254,124
W07000107,1.1555307212525092,100216.61131298542,66.46439208165975,132
W07000108,3.461103779364181,95315.19970703125,90.84920740127563,29
W07000109,1.4443092518414729,91866.10467779636,70.02624291411485,102
W07000110,1.4584446700751237,92084.60806465149,72.91138626629254,280
W07000111,1.7958879471822446,99202.02417504787,110.82794205477694,273
W07000112,0.7387996212366958,64846.40060518682,76.91575996515166,668
