area_codes,westminster_parliamentary_constituency,BUS_heatpumps_per_pc
E14001101,Bishop Auckland,150
E14001106,Blaydon and Consett,78
E14001107,Blyth and Ashington,49
E14001173,City of Durham,140
E14001183,Cramlington and Killingworth,69
E14001190,Darlington,91
E14001211,Easington,90
E14001244,Gateshead Central and Whickham,44
E14001272,Hartlepool,68
E14001285,Hexham,301
E14001295,Houghton and Sunderland South,56
E14001307,Jarrow and Gateshead East,25
E14001367,Middlesbrough and Thornaby East,37
E14001368,Middlesbrough South and East Cleveland,95
E14001377,Newcastle upon Tyne Central and West,61
E14001378,Newcastle upon Tyne East and Wallsend,63
E14001379,Newcastle upon Tyne North,92
E14001382,Newton Aycliffe and Spennymoor,86
E14001389,North Durham,55
E14001397,North Northumberland,305
E14001440,Redcar,51
E14001492,South Shields,26
E14001518,Stockton North,60
E14001519,Stockton West,94
E14001531,Sunderland Central,37
E14001557,Tynemouth,83
E14001567,Washington and Gateshead South,43
E14001065,Altrincham and Sale West,92
E14001070,Ashton-under-Lyne,31
E14001076,Barrow and Furness,137
E14001091,Birkenhead,39
E14001102,Blackburn,30
E14001103,Blackley and Middleton South,48
E14001104,Blackpool North and Fleetwood,48
E14001105,Blackpool South,30
E14001110,Bolton North East,47
E14001111,Bolton South and Walkden,30
E14001112,Bolton West,73
E14001113,Bootle,28
E14001142,Burnley,33
E14001144,Bury North,67
E14001145,Bury South,66
E14001152,Carlisle,112
E14001158,Cheadle,89
E14001163,Chester North and Neston,144
E14001164,Chester South and Eddisbury,385
E14001170,Chorley,144
E14001178,Congleton,159
E14001185,Crewe and Nantwich,95
E14001222,Ellesmere Port and Bromborough,44
E14001242,Fylde,97
E14001251,Gorton and Denton,40
E14001277,Hazel Grove,111
E14001286,Heywood and Middleton North,52
E14001299,Hyndburn,48
E14001317,Knowsley,33
E14001318,Lancaster and Wyre,125
E14001329,Leigh and Atherton,60
E14001337,Liverpool Garston,52
E14001338,Liverpool Riverside,7
E14001339,Liverpool Walton,29
E14001340,Liverpool Wavertree,36
E14001341,Liverpool West Derby,28
E14001347,Macclesfield,218
E14001350,Makerfield,45
E14001352,Manchester Central,26
E14001353,Manchester Rusholme,40
E14001354,Manchester Withington,110
E14001361,Mid Cheshire,101
E14001372,Morecambe and Lunesdale,218
E14001415,Oldham East and Saddleworth,48
E14001416,"Oldham West, Chadderton and Royton",32
E14001422,Pendle and Clitheroe,96
E14001424,Penrith and Solway,249
E14001433,Preston,55
E14001443,Ribble Valley,194
E14001446,Rochdale,51
E14001450,Rossendale and Darwen,102
E14001455,Runcorn and Helsby,99
E14001459,Salford,52
E14001463,Sefton Central,78
E14001491,South Ribble,158
E14001504,Southport,70
E14001509,St Helens North,56
E14001510,St Helens South and Whiston,43
E14001515,Stalybridge and Hyde,55
E14001517,Stockport,52
E14001528,Stretford and Urmston,91
E14001539,Tatton,219
E14001561,Wallasey,41
E14001564,Warrington North,82
E14001565,Warrington South,77
E14001577,West Lancashire,124
E14001580,Westmorland and Lonsdale,460
E14001583,Whitehaven and Workington,81
E14001584,Widnes and Halewood,48
E14001585,Wigan,48
E14001589,Wirral West,115
E14001598,Worsley and Eccles,74
E14001602,Wythenshawe and Sale East,60
E14001074,Barnsley North,73
E14001075,Barnsley South,92
E14001087,Beverley and Holderness,188
E14001118,Bradford East,27
E14001119,Bradford South,64
E14001120,Bradford West,27
E14001127,Bridlington and The Wolds,223
E14001128,Brigg and Immingham,150
E14001147,Calder Valley,172
E14001177,Colne Valley,184
E14001196,Dewsbury and Batley,58
E14001198,Doncaster Central,103
E14001199,Doncaster East and the Isle of Axholme,184
E14001200,Doncaster North,125
E14001250,Goole and Pocklington,230
E14001255,Great Grimsby and Cleethorpes,118
E14001262,Halifax,82
E14001269,Harrogate and Knaresborough,164
E14001297,Huddersfield,88
E14001308,Keighley and Ilkley,156
E14001313,Kingston upon Hull East,40
E14001314,Kingston upon Hull North and Cottingham,80
E14001315,Kingston upon Hull West and Haltemprice,64
E14001319,Leeds Central and Headingley,65
E14001320,Leeds East,64
E14001321,Leeds North East,149
E14001322,Leeds North West,141
E14001323,Leeds South,44
E14001324,Leeds South West and Morley,74
E14001325,Leeds West and Pudsey,65
E14001383,Normanton and Hemsworth,105
E14001418,Ossett and Denby Dale,130
E14001423,Penistone and Stocksbridge,145
E14001428,"Pontefract, Castleford and Knottingley",93
E14001436,Rawmarsh and Conisbrough,80
E14001444,Richmond and Northallerton,308
E14001451,Rother Valley,123
E14001452,Rotherham,92
E14001461,Scarborough and Whitby,175
E14001462,Scunthorpe,119
E14001464,Selby,248
E14001466,Sheffield Brightside and Hillsborough,60
E14001467,Sheffield Central,78
E14001468,Sheffield Hallam,247
E14001469,Sheffield Heeley,112
E14001470,Sheffield South East,59
E14001472,Shipley,144
E14001475,Skipton and Ripon,393
E14001506,Spen Valley,80
E14001544,Thirsk and Malton,389
E14001560,Wakefield and Rothwell,89
E14001582,Wetherby and Easingwold,350
E14001604,York Central,139
E14001605,York Outer,236
E14001066,Amber Valley,132
E14001068,Ashfield,102
E14001079,Bassetlaw,220
E14001109,Bolsover,164
E14001114,Boston and Skegness,210
E14001140,Broxtowe,151
E14001165,Chesterfield,94
E14001179,Corby and East Northamptonshire,207
E14001192,Daventry,337
E14001193,Derby North,93
E14001194,Derby South,76
E14001195,Derbyshire Dales,378
E14001228,Erewash,90
E14001243,Gainsborough,332
E14001245,Gedling,128
E14001253,Grantham and Bourne,237
E14001266,"Harborough, Oadby and Wigston",132
E14001287,High Peak,188
E14001288,Hinckley and Bosworth,188
E14001311,Kettering,136
E14001326,Leicester East,56
E14001327,Leicester South,36
E14001328,Leicester West,48
E14001336,Lincoln,123
E14001342,Loughborough,152
E14001343,Louth and Horncastle,305
E14001355,Mansfield,88
E14001357,Melton and Syston,200
E14001362,Mid Derbyshire,169
E14001364,Mid Leicestershire,120
E14001375,Newark,375
E14001391,North East Derbyshire,171
E14001404,North West Leicestershire,183
E14001406,Northampton North,44
E14001407,Northampton South,82
E14001410,Nottingham East,77
E14001411,Nottingham North and Kimberley,67
E14001412,Nottingham South,71
E14001457,Rushcliffe,227
E14001458,Rutland and Stamford,255
E14001471,Sherwood Forest,172
E14001476,Sleaford and North Hykeham,306
E14001483,South Derbyshire,178
E14001487,South Holland and The Deepings,197
E14001488,South Leicestershire,186
E14001490,South Northamptonshire,270
E14001571,Wellingborough and Rushden,119
E14001064,Aldridge-Brownhills,46
E14001092,Birmingham Edgbaston,38
E14001093,Birmingham Erdington,25
E14001094,Birmingham Hall Green and Moseley,36
E14001095,Birmingham Hodge Hill and Solihull North,19
E14001096,Birmingham Ladywood,14
E14001097,Birmingham Northfield,48
E14001098,Birmingham Perry Barr,29
E14001099,Birmingham Selly Oak,47
E14001100,Birmingham Yardley,18
E14001138,Bromsgrove,123
E14001143,Burton and Uttoxeter,141
E14001150,Cannock Chase,58
E14001180,Coventry East,52
E14001181,Coventry North West,60
E14001182,Coventry South,67
E14001203,Droitwich and Evesham,236
E14001204,Dudley,34
E14001261,Halesowen,33
E14001281,Hereford and South Herefordshire,287
E14001309,Kenilworth and Southam,281
E14001316,Kingswinford and South Staffordshire,69
E14001335,Lichfield,160
E14001358,Meriden and Solihull East,98
E14001380,Newcastle-under-Lyme,90
E14001395,North Herefordshire,350
E14001398,North Shropshire,264
E14001400,North Warwickshire and Bedworth,81
E14001413,Nuneaton,82
E14001441,Redditch,85
E14001453,Rugby,149
E14001473,Shrewsbury,157
E14001478,Smethwick,36
E14001479,Solihull West and Shirley,59
E14001493,South Shropshire,409
E14001513,Stafford,194
E14001514,Staffordshire Moorlands,143
E14001520,Stoke-on-Trent Central,37
E14001521,Stoke-on-Trent North,56
E14001522,Stoke-on-Trent South,80
E14001523,"Stone, Great Wyrley and Penkridge",133
E14001524,Stourbridge,26
E14001526,Stratford-on-Avon,295
E14001535,Sutton Coldfield,74
E14001538,Tamworth,93
E14001541,Telford,78
E14001543,The Wrekin,179
E14001547,Tipton and Wednesbury,29
E14001562,Walsall and Bloxwich,26
E14001566,Warwick and Leamington,154
E14001574,West Bromwich,34
E14001579,West Worcestershire,316
E14001594,Wolverhampton North East,22
E14001595,Wolverhampton South East,31
E14001596,Wolverhampton West,29
E14001597,Worcester,96
E14001601,Wyre Forest,80
E14001077,Basildon and Billericay,66
E14001084,Bedford,82
E14001121,Braintree,187
E14001125,Brentwood and Ongar,130
E14001136,Broadland and Fakenham,275
E14001139,Broxbourne,73
E14001146,Bury St Edmunds and Stowmarket,216
E14001149,Cambridge,294
E14001154,Castle Point,55
E14001156,Central Suffolk and North Ipswich,247
E14001159,Chelmsford,126
E14001174,Clacton,115
E14001176,Colchester,95
E14001206,Dunstable and Leighton Buzzard,99
E14001224,Ely and East Cambridgeshire,412
E14001226,Epping Forest,90
E14001256,Great Yarmouth,120
E14001267,Harlow,78
E14001268,Harpenden and Berkhamsted,282
E14001273,Harwich and North Essex,211
E14001278,Hemel Hempstead,102
E14001283,Hertford and Stortford,159
E14001284,Hertsmere,90
E14001289,Hitchin,197
E14001298,Huntingdon,271
E14001302,Ipswich,70
E14001344,Lowestoft,104
E14001345,Luton North,39
E14001346,Luton South and South Bedfordshire,73
E14001351,Maldon,220
E14001359,Mid Bedfordshire,198
E14001365,Mid Norfolk,282
E14001384,North Bedfordshire,223
E14001390,North East Cambridgeshire,167
E14001393,North East Hertfordshire,253
E14001396,North Norfolk,346
E14001401,North West Cambridgeshire,200
E14001402,North West Essex,312
E14001405,North West Norfolk,239
E14001408,Norwich North,111
E14001409,Norwich South,103
E14001425,Peterborough,105
E14001437,Rayleigh and Wickford,56
E14001480,South Basildon and East Thurrock,36
E14001481,South Cambridgeshire,639
E14001489,South Norfolk,347
E14001494,South Suffolk,274
E14001496,South West Hertfordshire,138
E14001497,South West Norfolk,230
E14001501,Southend East and Rochford,41
E14001502,Southend West and Leigh,34
E14001507,St Albans,188
E14001512,St Neots and Mid Cambridgeshire,454
E14001516,Stevenage,81
E14001530,Suffolk Coastal,338
E14001546,Thurrock,38
E14001568,Watford,56
E14001569,Waveney Valley,353
E14001573,Welwyn Hatfield,138
E14001578,West Suffolk,245
E14001590,Witham,223
E14001073,Barking,13
E14001081,Battersea,48
E14001083,Beckenham and Penge,77
E14001085,Bermondsey and Old Southwark,32
E14001086,Bethnal Green and Stepney,17
E14001089,Bexleyheath and Crayford,31
E14001122,Brent East,47
E14001123,Brent West,52
E14001124,Brentford and Isleworth,46
E14001137,Bromley and Biggin Hill,91
E14001153,Carshalton and Wallington,48
E14001160,Chelsea and Fulham,38
E14001167,Chingford and Woodford Green,53
E14001169,Chipping Barnet,77
E14001172,Cities of London and Westminster,23
E14001175,Clapham and Brixton Hill,51
E14001186,Croydon East,51
E14001187,Croydon South,103
E14001188,Croydon West,32
E14001189,Dagenham and Rainham,31
E14001205,Dulwich and West Norwood,121
E14001207,Ealing Central and Acton,81
E14001208,Ealing North,46
E14001209,Ealing Southall,42
E14001213,East Ham,17
E14001221,Edmonton and Winchmore Hill,39
E14001223,Eltham and Chislehurst,96
E14001225,Enfield North,41
E14001229,Erith and Thamesmead,40
E14001236,Feltham and Heston,24
E14001238,Finchley and Golders Green,72
E14001257,Greenwich and Woolwich,48
E14001259,Hackney North and Stoke Newington,89
E14001260,Hackney South and Shoreditch,54
E14001264,Hammersmith and Chiswick,62
E14001265,Hampstead and Highgate,107
E14001270,Harrow East,78
E14001271,Harrow West,37
E14001276,Hayes and Harlington,16
E14001279,Hendon,36
E14001290,Holborn and St Pancras,41
E14001292,Hornchurch and Upminster,41
E14001293,Hornsey and Friern Barnet,106
E14001300,Ilford North,25
E14001301,Ilford South,18
E14001305,Islington North,73
E14001306,Islington South and Finsbury,40
E14001310,Kensington and Bayswater,32
E14001312,Kingston and Surbiton,94
E14001331,Lewisham East,58
E14001332,Lewisham North,77
E14001333,Lewisham West and East Dulwich,130
E14001334,Leyton and Wanstead,81
E14001371,Mitcham and Morden,45
E14001414,Old Bexley and Sidcup,49
E14001417,Orpington,93
E14001421,Peckham,54
E14001430,Poplar and Limehouse,18
E14001434,Putney,68
E14001435,Queen's Park and Maida Vale,41
E14001445,Richmond Park,131
E14001448,Romford,26
E14001454,"Ruislip, Northwood and Pinner",117
E14001503,Southgate and Wood Green,72
E14001525,Stratford and Bow,41
E14001527,Streatham and Croydon North,57
E14001534,Sutton and Cheam,75
E14001550,Tooting,53
E14001553,Tottenham,46
E14001556,Twickenham,122
E14001558,Uxbridge and South Ruislip,67
E14001559,Vauxhall and Camberwell Green,30
E14001563,Walthamstow,106
E14001576,West Ham and Beckton,22
E14001586,Wimbledon,128
E14001063,Aldershot,109
E14001067,Arundel and South Downs,364
E14001069,Ashford,165
E14001071,Aylesbury,166
E14001072,Banbury,252
E14001078,Basingstoke,115
E14001082,Beaconsfield,175
E14001088,Bexhill and Battle,193
E14001090,Bicester and Woodstock,300
E14001108,Bognor Regis and Littlehampton,100
E14001117,Bracknell,103
E14001129,Brighton Kemptown and Peacehaven,108
E14001130,Brighton Pavilion,134
E14001141,Buckingham and Bletchley,208
E14001151,Canterbury,204
E14001157,Chatham and Aylesford,59
E14001162,Chesham and Amersham,202
E14001166,Chichester,236
E14001184,Crawley,53
E14001191,Dartford,76
E14001197,Didcot and Wantage,357
E14001201,Dorking and Horley,222
E14001202,Dover and Deal,128
E14001210,Earley and Woodley,154
E14001212,East Grinstead and Uckfield,322
E14001214,East Hampshire,348
E14001215,East Surrey,195
E14001216,East Thanet,86
E14001218,East Worthing and Shoreham,104
E14001219,Eastbourne,69
E14001220,Eastleigh,122
E14001227,Epsom and Ewell,109
E14001230,Esher and Walton,145
E14001233,Fareham and Waterlooville,128
E14001234,Farnham and Bordon,281
E14001235,Faversham and Mid Kent,156
E14001239,Folkestone and Hythe,119
E14001246,Gillingham and Rainham,40
E14001249,Godalming and Ash,254
E14001252,Gosport,80
E14001254,Gravesham,63
E14001258,Guildford,234
E14001263,Hamble Valley,194
E14001274,Hastings and Rye,129
E14001275,Havant,107
E14001280,Henley and Thame,455
E14001282,Herne Bay and Sandwich,134
E14001294,Horsham,242
E14001296,Hove and Portslade,130
E14001303,Isle of Wight East,66
E14001304,Isle of Wight West,105
E14001330,Lewes,291
E14001348,Maidenhead,220
E14001349,Maidstone and Malling,93
E14001360,Mid Buckinghamshire,352
E14001366,Mid Sussex,205
E14001369,Milton Keynes Central,168
E14001370,Milton Keynes North,162
E14001373,New Forest East,195
E14001374,New Forest West,259
E14001376,Newbury,231
E14001392,North East Hampshire,243
E14001403,North West Hampshire,272
E14001419,Oxford East,203
E14001420,Oxford West and Abingdon,228
E14001431,Portsmouth North,38
E14001432,Portsmouth South,30
E14001438,Reading Central,114
E14001439,Reading West and Mid Berkshire,236
E14001442,Reigate,128
E14001447,Rochester and Strood,88
E14001449,Romsey and Southampton North,337
E14001456,Runnymede and Weybridge,118
E14001465,Sevenoaks,237
E14001474,Sittingbourne and Sheppey,76
E14001477,Slough,42
E14001499,Southampton Itchen,60
E14001500,Southampton Test,68
E14001505,Spelthorne,72
E14001532,Surrey Heath,130
E14001533,Sussex Weald,282
E14001549,Tonbridge,221
E14001555,Tunbridge Wells,240
E14001570,Weald of Kent,359
E14001587,Winchester,411
E14001588,Windsor,140
E14001591,Witney,246
E14001592,Woking,133
E14001593,Wokingham,242
E14001599,Worthing West,113
E14001600,Wycombe,143
E14001080,Bath,191
E14001115,Bournemouth East,67
E14001116,Bournemouth West,51
E14001126,Bridgwater,131
E14001131,Bristol Central,111
E14001132,Bristol East,119
E14001133,Bristol North East,124
E14001134,Bristol North West,166
E14001135,Bristol South,110
E14001148,Camborne and Redruth,520
E14001155,Central Devon,393
E14001161,Cheltenham,143
E14001168,Chippenham,237
E14001171,Christchurch,158
E14001217,East Wiltshire,282
E14001231,Exeter,119
E14001232,Exmouth and Exeter East,222
E14001237,Filton and Bradley Stoke,174
E14001240,Forest of Dean,361
E14001241,Frome and East Somerset,238
E14001247,Glastonbury and Somerton,300
E14001248,Gloucester,62
E14001291,Honiton and Sidmouth,379
E14001356,Melksham and Devizes,260
E14001363,Mid Dorset and North Poole,211
E14001381,Newton Abbot,167
E14001385,North Cornwall,523
E14001386,North Cotswolds,329
E14001387,North Devon,483
E14001388,North Dorset,314
E14001394,North East Somerset and Hanham,238
E14001399,North Somerset,327
E14001426,Plymouth Moor View,47
E14001427,Plymouth Sutton and Devonport,46
E14001429,Poole,127
E14001460,Salisbury,299
E14001482,South Cotswolds,400
E14001484,South Devon,428
E14001485,South Dorset,206
E14001486,South East Cornwall,349
E14001495,South West Devon,189
E14001498,South West Wiltshire,216
E14001508,St Austell and Newquay,321
E14001511,St Ives,689
E14001529,Stroud,307
E14001536,Swindon North,102
E14001537,Swindon South,70
E14001540,Taunton and Wellington,161
E14001542,Tewkesbury,189
E14001545,Thornbury and Yate,314
E14001548,Tiverton and Minehead,305
E14001551,Torbay,70
E14001552,Torridge and Tavistock,395
E14001554,Truro and Falmouth,543
E14001572,Wells and Mendip Hills,362
E14001575,West Dorset,417
E14001581,Weston-super-Mare,74
E14001603,Yeovil,222
W07000081,Aberafan Maesteg,37
W07000082,Alyn and Deeside,78
W07000083,Bangor Aberconwy,172
W07000084,Blaenau Gwent and Rhymney,36
W07000085,"Brecon, Radnor and Cwm Tawe",251
W07000086,Bridgend,56
W07000087,Caerfyrddin,230
W07000088,Caerphilly,51
W07000089,Cardiff East,54
W07000090,Cardiff North,107
W07000091,Cardiff South and Penarth,62
W07000092,Cardiff West,85
W07000093,Ceredigion Preseli,335
W07000094,Clwyd East,290
W07000095,Clwyd North,153
W07000096,Dwyfor Meirionnydd,246
W07000097,Gower,161
W07000098,Llanelli,90
W07000099,Merthyr Tydfil and Aberdare,45
W07000100,Mid and South Pembrokeshire,220
W07000101,Monmouthshire,311
W07000102,Montgomeryshire and Glyndwr,179
W07000103,Neath and Swansea East,40
W07000104,Newport East,48
W07000105,Newport West and Islwyn,52
W07000106,Pontypridd,46
W07000107,Rhondda and Ogmore,17
W07000108,Swansea West,39
W07000109,Torfaen,44
W07000110,Vale of Glamorgan,120
W07000111,Wrexham,115
W07000112,Ynys Môn,188
