PCON25CD,PCON25NM,total_population_PC,mean_imd_ranking,median_imd_lsoa_ranking,median_imd_decile,total_number_of_LSOAs,number_of_LSOAs_with_decile_equal_1,pct_decile_equal_1,number_of_LSOAs_with_decile_equal_10,pct_decile_equal_10,new_ranking
E14001338,Liverpool Riverside,115804,6688.138237884702,2066,1,61,41,67.21311475409836,0,0,1
E14001339,Liverpool Walton,100387,6000.633548168587,2159,1,67,41,61.19402985074627,0,0,2
E14001096,Birmingham Ladywood,147005,5274.225502533927,2399,1,75,53,70.66666666666667,0,0,3
E14001118,Bradford East,121212,7322.653685278685,2840,1,66,38,57.57575757575758,0,0,4
E14001323,Leeds South,125407,6648.027482516925,2895,1,73,46,63.013698630136986,0,0,5
E14001317,Knowsley,93751,7244.836513743853,2969,1,58,32,55.172413793103445,0,0,6
E14001095,Birmingham Hodge Hill and Solihull North,120572,6243.100711608002,3009,1,68,43,63.23529411764706,0,0,7
E14001466,Sheffield Brightside and Hillsborough,114251,6926.3995282317,3211,1,68,42,61.76470588235294,0,0,8
E14001367,Middlesbrough and Thornaby East,112647,9643.59898621357,3228,1,67,39,58.2089552238806,0,0,9
E14001105,Blackpool South,110156,6189.053047496278,3452,1,74,38,51.35135135135135,0,0,10
E14001562,Walsall and Bloxwich,112548,7478.114368980346,3661,1,64,35,54.6875,1,1.5625,11
E14001093,Birmingham Erdington,119427,6393.9645766870135,3866,1,70,36,51.42857142857142,0,0,12
E14001313,Kingston upon Hull East,108712,9778.437729965413,4283,1,69,35,50.72463768115942,0,0,13
E14001098,Birmingham Perry Barr,114311,7258.82384022535,4390,2,66,32,48.484848484848484,0,0,14
E14001103,Blackley and Middleton South,109459,7230.460711316566,4392,1,61,28,45.90163934426229,0,0,15
E14001341,Liverpool West Derby,98659,7312.632866743024,4612,2,64,30,46.875,0,0,16
E14001111,Bolton South and Walkden,122273,7294.713636698208,4719,2,69,26,37.68115942028986,0,0,17
E14001113,Bootle,101736,8665.723578674215,4848,2,69,33,47.82608695652174,0,0,18
E14001251,Gorton and Denton,111624,8003.5153416827925,4962,2,61,22,36.0655737704918,0,0,19
E14001100,Birmingham Yardley,117516,7151.537752306069,4967,2,64,27,42.1875,0,0,20
E14001120,Bradford West,121264,6605.122126105027,5001,2,63,27,42.857142857142854,0,0,21
E14001602,Wythenshawe and Sale East,112990,13078.050455792549,5477,2,63,26,41.269841269841265,5,7.936507936507936,22
E14001102,Blackburn,112216,9717.311599950097,5552,2,63,27,42.857142857142854,0,0,23
E14001595,Wolverhampton South East,120322,6935.922179651269,5712,2,65,19,29.230769230769234,0,0,24
E14001459,Salford,115859,9117.168126774786,5750,2,62,24,38.70967741935484,1,1.6129032258064515,25
E14001097,Birmingham Northfield,105546,8965.20227673242,5803,2,66,27,40.909090909090914,0,0,26
E14001142,Burnley,111108,10445.634378262592,5921,2,69,27,39.130434782608695,0,0,27
E14001416,"Oldham West, Chadderton and Royton",110917,11090.603122154404,5989,2,64,22,34.375,0,0,28
E14001411,Nottingham North and Kimberley,107121,10752.407333762754,6158,2,66,26,39.39393939393939,0,0,29
E14001320,Leeds East,113390,12578.380558250286,6280,2,67,31,46.26865671641791,2,2.9850746268656714,30
E14001194,Derby South,117884,11694.130306063587,6386,2,65,20,30.76923076923077,3,4.615384615384616,31
E14001352,Manchester Central,117589,8095.032966518977,6453,2,64,26,40.625,0,0,32
E14001091,Birkenhead,103417,11342.39245481884,6805,2,65,29,44.61538461538462,1,1.5384615384615385,33
W07000084,Blaenau Gwent and Rhymney,96885,8348.662243897405,6852,2,65,20,30.76923076923077,0,0,34
E14001547,Tipton and Wednesbury,112029,7971.617420489338,7149,2,64,21,32.8125,0,0,35
E14001446,Rochdale,102119,10927.854933949608,7156,2,58,22,37.93103448275862,0,0,36
E14001520,Stoke-on-Trent Central,113430,10049.298355814159,7174,2,71,23,32.3943661971831,0,0,37
E14001094,Birmingham Hall Green and Moseley,113251,9470.29581195751,7267,2,63,21,33.33333333333333,0,0,38
E14001340,Liverpool Wavertree,112252,11848.8054778534,7374,2,64,19,29.6875,1,1.5625,39
W07000081,Aberafan Maesteg,94416,10351.235786307405,7396,2,61,18,29.508196721311474,0,0,40
E14001478,Smethwick,112960,9672.072392882437,7425,2,62,8,12.903225806451612,0,0,41
W07000104,Newport East,106561,11883.776048460506,7445,2,67,22,32.83582089552239,0,0,42
E14001594,Wolverhampton North East,103632,11892.921689246565,7466,2,64,14,21.875,0,0,43
E14001119,Bradford South,108307,9431.043316683132,7637,2,62,22,35.483870967741936,0,0,44
E14001452,Rotherham,105440,11341.813315629743,7637,2,67,24,35.82089552238806,0,0,45
E14001107,Blyth and Ashington,97816,13358.782602028297,7640,2,62,20,32.25806451612903,1,1.6129032258064515,46
E14001272,Hartlepool,95810,13613.013036217513,7773,2,58,21,36.206896551724135,1,1.7241379310344827,47
E14001196,Dewsbury and Batley,102029,10221.011624146076,7790,2,61,14,22.950819672131146,0,0,48
E14001211,Easington,97981,10764.84262254927,7863,2,65,16,24.615384615384617,1,1.5384615384615385,49
E14001425,Peterborough,126724,12951.904220984186,7871,2,69,12,17.391304347826086,0,0,50
E14001553,Tottenham,133855,8756.04409995891,7876,2,71,15,21.12676056338028,0,0,51
E14001255,Great Grimsby and Cleethorpes,109610,11534.586748471855,7902,2,76,30,39.473684210526315,1,1.3157894736842104,52
E14001377,Newcastle upon Tyne Central and West,130671,11558.216781076138,7903,2,74,27,36.486486486486484,0,0,53
E14001260,Hackney South and Shoreditch,108260,8537.528426935156,8055,2,59,8,13.559322033898304,0,0,54
E14001433,Preston,119465,11707.926338258067,8119,2,70,16,22.857142857142858,2,2.857142857142857,55
E14001073,Barking,128629,9118.149705742873,8210,2,66,2,3.0303030303030303,0,0,56
E14001307,Jarrow and Gateshead East,91546,11632.692367771393,8306,2,62,14,22.58064516129032,0,0,57
E14001410,Nottingham East,126231,10411.721308553366,8358,2,66,17,25.757575757575758,0,0,58
E14001075,Barnsley South,104065,9983.990722144814,8384,2,63,19,30.158730158730158,0,0,59
E14001518,Stockton North,95306,13826.120191803244,8512,2,59,20,33.89830508474576,0,0,60
E14001353,Manchester Rusholme,115853,8582.73731366473,8619,2,50,19,38,0,0,61
E14001574,West Bromwich,109674,11730.037223954629,8717,3,59,7,11.864406779661017,0,0,62
E14001286,Heywood and Middleton North,101229,12604.878453802763,8940,3,61,17,27.86885245901639,0,0,63
E14001180,Coventry East,118485,11559.357209773389,8963,3,69,18,26.08695652173913,0,0,64
E14001110,Bolton North East,114800,14583.199076655052,9030,3,69,21,30.434782608695656,5,7.246376811594203,65
E14001328,Leicester West,120827,10365.045060292816,9080,3,66,20,30.303030303030305,0,0,66
E14001070,Ashton-under-Lyne,99263,11061.1581505697,9221,3,60,14,23.333333333333332,0,0,67
W07000107,Rhondda and Ogmore,104764,9191.219455156352,9352,3,69,19,27.536231884057973,0,0,68
E14001415,Oldham East and Saddleworth,110217,14987.36696244681,9481,3,63,20,31.746031746031743,0,0,69
E14001204,Dudley,98404,14132.480691841794,9572,3,60,13,21.666666666666668,4,6.666666666666667,70
E14001469,Sheffield Heeley,107309,13268.189839622026,9595,3,67,25,37.3134328358209,2,2.9850746268656714,71
E14001297,Huddersfield,115184,12945.60879549243,9652,3,67,14,20.8955223880597,1,1.4925373134328357,72
E14001576,West Ham and Beckton,123811,10686.079960585086,9695,3,66,4,6.0606060606060606,0,0,73
E14001421,Peckham,104234,10295.476240957845,9740,3,54,3,5.555555555555555,0,0,74
E14001299,Hyndburn,92987,12925.144977254884,9758,3,60,15,25,0,0,75
E14001259,Hackney North and Stoke Newington,115499,10621.852942449717,9915,3,67,4,5.970149253731343,0,0,76
E14001427,Plymouth Sutton and Devonport,106401,12570.65426546743,9974,3,63,14,22.22222222222222,0,0,77
E14001221,Edmonton and Winchmore Hill,125952,14201.81259527439,10011,3,73,5,6.8493150684931505,1,1.36986301369863,78
E14001244,Gateshead Central and Whickham,102590,15398.66515742275,10135,3,64,13,20.3125,5,7.8125,79
E14001086,Bethnal Green and Stepney,129608,10992.88910406765,10137,3,65,1,1.5384615384615385,0,0,80
E14001492,South Shields,89086,14488.627343241362,10168,3,63,17,26.984126984126984,1,1.5873015873015872,81
E14001262,Halifax,107676,13978.696097551916,10185,3,66,19,28.78787878787879,1,1.5151515151515151,82
E14001325,Leeds West and Pudsey,99520,14196.175517483924,10202,3,61,14,22.950819672131146,1,1.639344262295082,83
E14001200,Doncaster North,96655,13023.8640163468,10225,3,63,18,28.57142857142857,2,3.1746031746031744,84
E14001436,Rawmarsh and Conisbrough,93231,13055.456607780674,10253,3,59,10,16.94915254237288,0,0,85
E14001515,Stalybridge and Hyde,98400,14275.569014227642,10264,3,58,13,22.413793103448278,1,1.7241379310344827,86
E14001561,Wallasey,97035,12811.09447621992,10264,3,63,18,28.57142857142857,0,0,87
W07000099,Merthyr Tydfil and Aberdare,100485,11103.194909688013,10278,3,61,13,21.311475409836063,0,0,88
E14001295,Houghton and Sunderland South,101258,13016.650911532915,10416,3,65,16,24.615384615384617,0,0,89
E14001331,Lewisham East,114772,12544.271168054926,10462,3,67,4,5.970149253731343,0,0,90
E14001337,Liverpool Garston,95696,14191.829136014045,10467,3,60,19,31.666666666666664,0,0,91
E14001435,Queen's Park and Maida Vale,126101,13613.353684744769,10543,3,67,4,5.970149253731343,2,2.9850746268656714,92
E14001584,Widnes and Halewood,92477,15575.883106069617,10570,3,56,14,25,1,1.7857142857142856,93
E14001531,Sunderland Central,102918,14240.299772634524,10610,3,65,13,20,1,1.5384615384615385,94
E14001216,East Thanet,104123,13327.615882177808,10775,3,64,16,25,1,1.5625,95
E14001378,Newcastle upon Tyne East and Wallsend,118777,13747.064827365568,10795,3,71,19,26.76056338028169,2,2.8169014084507045,96
E14001225,Enfield North,130604,13890.61798643227,10991,3,69,5,7.246376811594203,0,0,97
E14001305,Islington North,107332,12915.56798997503,11034,3,63,5,7.936507936507936,0,0,98
E14001383,Normanton and Hemsworth,103242,13951.927045194785,11122,3,62,11,17.741935483870968,0,0,99
W07000089,Cardiff East,111204,14464.684363871804,11128,3,64,16,25,0,0,100
E14001114,Boston and Skegness,111465,13897.43610550397,11176,3,63,10,15.873015873015872,0,0,101
E14001428,"Pontefract, Castleford and Knottingley",95160,13794.42256725515,11245,3,57,13,22.807017543859647,1,1.7543859649122806,102
E14001188,Croydon West,109784,11464.714384609779,11249,3,62,3,4.838709677419355,0,0,103
E14001510,St Helens South and Whiston,94841,13760.325898082054,11310,3,62,18,29.03225806451613,0,0,104
E14001092,Birmingham Edgbaston,105713,12512.550145204468,11441,3,62,15,24.193548387096776,0,0,105
E14001382,Newton Aycliffe and Spennymoor,89680,15793.727453166815,11466,3,58,7,12.068965517241379,1,1.7241379310344827,106
E14001213,East Ham,130879,11508.08363832242,11485,3,65,0,0,0,0,107
E14001521,Stoke-on-Trent North,97813,13627.262613354053,11488,3,62,16,25.806451612903224,0,0,108
E14001355,Mansfield,104390,16101.887891560495,11570,3,65,10,15.384615384615385,2,3.076923076923077,109
E14001559,Vauxhall and Camberwell Green,101816,12689.954943230927,11610,3,59,0,0,0,0,110
E14001189,Dagenham and Rainham,119694,14768.770264173643,11635,3,65,2,3.076923076923077,0,0,111
E14001135,Bristol South,104311,13860.807910958576,11668,3,62,18,29.03225806451613,0,0,112
E14001174,Clacton,99108,11361.010422972919,11713,3,60,13,21.666666666666668,0,0,113
E14001412,Nottingham South,124269,14821.02129251865,11817,3,61,13,21.311475409836063,2,3.278688524590164,114
E14001525,Stratford and Bow,108048,11717.765817044277,11828,3,54,0,0,0,0,115
E14001274,Hastings and Rye,105472,12537.70452821602,11889,3,62,16,25.806451612903224,0,0,116
E14001314,Kingston upon Hull North and Cottingham,112419,13738.478758039122,11997,3,71,24,33.80281690140845,1,1.4084507042253522,117
E14001509,St Helens North,98527,14890.265033950085,12009,3,65,14,21.53846153846154,0,0,118
E14001329,Leigh and Atherton,109386,16088.391156089445,12157,3,63,16,25.396825396825395,5,7.936507936507936,119
E14001256,Great Yarmouth,102034,13580.211272713017,12168,3,61,15,24.59016393442623,0,0,120
E14001426,Plymouth Moor View,101472,14536.558508751183,12208,3,63,14,22.22222222222222,1,1.5873015873015872,121
E14001551,Torbay,102634,14342.877550324454,12219,3,66,13,19.696969696969695,1,1.5151515151515151,122
W07000108,Swansea West,110016,14148.621091477604,12230,3,67,18,26.865671641791046,0,0,123
E14001306,Islington South and Finsbury,118969,13488.931003034404,12263,3,66,1,1.5151515151515151,0,0,124
E14001074,Barnsley North,104390,13898.44625922023,12306,3,62,13,20.967741935483872,0,0,125
E14001122,Brent East,127605,12522.615375573057,12359,3,71,9,12.676056338028168,0,0,126
E14001327,Leicester South,120775,14852.803183605878,12364,3,64,13,20.3125,1,1.5625,127
E14001132,Bristol East,111117,13430.260077215908,12366,3,61,12,19.672131147540984,0,0,128
E14001406,Northampton North,132125,14951.80694796594,12369,3,73,7,9.58904109589041,0,0,129
E14001500,Southampton Test,111421,14984.557592374866,12479,3,66,11,16.666666666666664,0,0,130
E14001470,Sheffield South East,102867,15441.276410316234,12489,3,64,10,15.625,0,0,131
E14001567,Washington and Gateshead South,93595,14511.351717506277,12574,3,65,14,21.53846153846154,0,0,132
E14001346,Luton South and South Bedfordshire,119583,15090.96895879849,12638,3,64,3,4.6875,1,1.5625,133
E14001101,Bishop Auckland,92613,14523.962920972217,12716,3,58,8,13.793103448275861,0,0,134
E14001563,Walthamstow,119383,13582.758298920282,12893,4,59,2,3.389830508474576,0,0,135
W07000106,Pontypridd,102369,16658.809869198685,13045,4,65,8,12.307692307692308,1,1.5384615384615385,136
E14001332,Lewisham North,109624,13710.038723272275,13057,4,62,1,1.6129032258064515,0,0,137
E14001517,Stockport,102534,15035.330046618683,13158,4,64,11,17.1875,0,0,138
E14001541,Telford,94981,14996.829829123719,13165,4,60,15,25,3,5,139
E14001085,Bermondsey and Old Southwark,105370,15710.037539147765,13239,4,59,2,3.389830508474576,1,1.694915254237288,140
E14001326,Leicester East,118714,13636.612274036761,13253,4,62,6,9.67741935483871,0,0,141
E14001077,Basildon and Billericay,106912,19069.811045532773,13290,4,62,5,8.064516129032258,13,20.967741935483872,142
W07000103,Neath and Swansea East,98510,15465.142929651813,13399,4,60,8,13.333333333333334,0,0,143
E14001099,Birmingham Selly Oak,106176,12736.942256253767,13450,4,61,13,21.311475409836063,0,0,144
E14001501,Southend East and Rochford,97807,17037.81950678377,13468,4,57,8,14.035087719298245,5,8.771929824561402,145
E14001389,North Durham,95527,17216.614606341664,13499,4,59,3,5.084745762711865,2,3.389830508474576,146
E14001209,Ealing Southall,125669,16525.22813104266,13613,4,65,1,1.5384615384615385,0,0,147
E14001198,Doncaster Central,108804,15075.171560788207,13642,4,70,17,24.285714285714285,0,0,148
E14001302,Ipswich,114393,16592.73348893726,13685,4,70,10,14.285714285714285,0,0,149
E14001229,Erith and Thamesmead,136195,14866.684999449319,13875,4,74,1,1.3513513513513513,0,0,150
E14001175,Clapham and Brixton Hill,103740,14989.245257374205,14194,4,60,0,0,0,0,151
W07000109,Torfaen,92863,15563.403169184712,14238,4,60,6,10,0,0,152
E14001303,Isle of Wight East,69504,16497.04410537523,14271,4,45,1,2.2222222222222223,0,0,153
E14001390,North East Cambridgeshire,101699,15656.690016617666,14309,4,55,4,7.2727272727272725,0,0,154
W07000095,Clwyd North,99846,15741.165324599884,14311,4,62,13,20.967741935483872,0,0,155
E14001257,Greenwich and Woolwich,105835,16139.618354041668,14337,4,57,0,0,0,0,156
E14001450,Rossendale and Darwen,102945,18077.41250182136,14406,4,63,11,17.46031746031746,3,4.761904761904762,157
E14001585,Wigan,105641,17481.954615158887,14429,4,66,11,16.666666666666664,3,4.545454545454546,158
E14001190,Darlington,96759,17347.594301305304,14577,4,59,12,20.33898305084746,5,8.47457627118644,159
E14001499,Southampton Itchen,107148,15026.595610744018,14702,4,65,8,12.307692307692308,0,0,160
E14001430,Poplar and Limehouse,116847,17036.66493363116,14815,4,58,1,1.7241379310344827,1,1.7241379310344827,161
E14001222,Ellesmere Port and Bromborough,93009,18981.198142115278,14837,4,60,10,16.666666666666664,4,6.666666666666667,162
E14001276,Hayes and Harlington,121761,15511.001864307947,14844,4,63,0,0,0,0,163
E14001068,Ashfield,95273,15403.910315619325,15001,4,56,10,17.857142857142858,1,1.7857142857142856,164
E14001508,St Austell and Newquay,95624,16652.56989354137,15122,4,56,5,8.928571428571429,0,0,165
E14001148,Camborne and Redruth,96085,15249.45849508248,15176,4,55,6,10.909090909090908,0,0,166
E14001598,Worsley and Eccles,111262,18356.855175172117,15208,4,68,12,17.647058823529413,5,7.352941176470589,167
E14001343,Louth and Horncastle,98162,16862.851602453087,15276,4,54,4,7.4074074074074066,0,0,168
E14001560,Wakefield and Rothwell,105895,17419.461754568205,15277,4,63,8,12.698412698412698,2,3.1746031746031744,169
E14001236,Feltham and Heston,132641,16054.43373466726,15284,4,65,0,0,0,0,170
E14001413,Nuneaton,94854,19308.881918527422,15325,4,59,5,8.47457627118644,7,11.864406779661017,171
E14001368,Middlesbrough South and East Cleveland,88894,18216.380295633,15382,4,56,11,19.642857142857142,5,8.928571428571429,172
E14001432,Portsmouth South,107966,14092.991552896283,15389,4,62,10,16.129032258064516,0,0,173
E14001129,Brighton Kemptown and Peacehaven,96078,16936.70202856013,15405,4,57,11,19.298245614035086,0,0,174
E14001165,Chesterfield,93871,18213.785711242024,15464,4,62,5,8.064516129032258,4,6.451612903225806,175
E14001109,Bolsover,98691,16454.245154066735,15473,4,60,3,5,0,0,176
E14001239,Folkestone and Hythe,91767,16410.770467597285,15610,4,57,4,7.017543859649122,1,1.7543859649122806,177
E14001477,Slough,131772,17412.493025832497,15739,4,68,0,0,0,0,178
E14001511,St Ives,88502,16513.148352579603,15752,4,52,3,5.769230769230769,0,0,179
E14001385,North Cornwall,96431,16690.971985150005,15819,4,55,2,3.6363636363636362,0,0,180
E14001440,Redcar,93849,15718.473665142943,15847,4,62,18,29.03225806451613,0,0,181
E14001409,Norwich South,103013,19077.16906604021,15856,4,59,10,16.94915254237288,7,11.864406779661017,182
W07000098,Llanelli,97237,15267.154699342842,15862,4,55,8,14.545454545454545,0,0,183
E14001583,Whitehaven and Workington,98353,17287.712555793925,15920,4,64,8,12.5,3,4.6875,184
W07000088,Caerphilly,96660,16423.37132733292,15989,4,60,5,8.333333333333332,0,0,185
E14001205,Dulwich and West Norwood,103077,16681.23745355414,15990,4,60,0,0,0,0,186
E14001133,Bristol North East,99707,16107.111225891864,16013,4,56,3,5.357142857142857,0,0,187
E14001315,Kingston upon Hull West and Haltemprice,102436,17605.38886231403,16065,4,64,16,25,9,14.0625,188
E14001431,Portsmouth North,100983,17521.797084657814,16138,4,63,5,7.936507936507936,2,3.1746031746031744,189
E14001596,Wolverhampton West,112036,16886.045824556393,16150,4,71,8,11.267605633802818,1,1.4084507042253522,190
E14001474,Sittingbourne and Sheppey,106342,15442.952257809708,16176,4,62,15,24.193548387096776,2,3.225806451612903,191
E14001104,Blackpool North and Fleetwood,95470,16540.678611082014,16189,4,62,11,17.741935483870968,0,0,192
E14001344,Lowestoft,94179,17013.91429618068,16225,4,60,10,16.666666666666664,1,1.6666666666666667,193
E14001552,Torridge and Tavistock,94365,18208.88253059927,16316,4,52,0,0,1,1.9230769230769231,194
E14001405,North West Norfolk,101918,17047.012774975963,16399,4,61,7,11.475409836065573,1,1.639344262295082,195
E14001290,Holborn and St Pancras,119515,16516.67479395892,16480,4,67,0,0,0,0,196
E14001207,Ealing Central and Acton,128052,18575.16871271046,16559,4,71,2,2.8169014084507045,1,1.4084507042253522,197
E14001334,Leyton and Wanstead,112548,19237.86034847354,16568,4,63,1,1.5873015873015872,2,3.1746031746031744,198
E14001084,Bedford,105401,18533.961257483326,16605,4,68,4,5.88235294117647,4,5.88235294117647,199
E14001527,Streatham and Croydon North,118125,17213.40594708995,16706,4,65,0,0,0,0,200
E14001447,Rochester and Strood,95498,18866.402045069008,16708,4,54,2,3.7037037037037033,0,0,201
E14001461,Scarborough and Whitby,104299,17402.50647177825,16715,4,64,9,14.0625,1,1.5625,202
E14001261,Halesowen,93834,19204.59855702624,16787,4,56,4,7.142857142857142,3,5.357142857142857,203
E14001524,Stourbridge,94924,19045.578436433356,16864,4,60,6,10,9,15,204
E14001546,Thurrock,117202,19001.211293322638,16902,4,64,4,6.25,1,1.5625,205
E14001193,Derby North,104398,19752.391611908275,16910,4,60,4,6.666666666666667,7,11.666666666666666,206
E14001345,Luton North,115766,17914.221140058395,16931,4,66,1,1.5151515151515151,0,0,207
W07000091,Cardiff South and Penarth,108585,18857.979435465302,16970,4,62,7,11.29032258064516,1,1.6129032258064515,208
E14001354,Manchester Withington,91592,17478.81186675692,17055,5,54,5,9.25925925925926,0,0,209
E14001486,South East Cornwall,91786,18725.172771446625,17059,4,55,1,1.8181818181818181,0,0,210
W07000087,Caerfyrddin,94311,17401.98706937685,17161,4,57,0,0,0,0,211
E14001152,Carlisle,100061,19725.711096231298,17172,4,64,4,6.25,5,7.8125,212
E14001219,Eastbourne,104615,19728.60475553219,17343,5,61,4,6.557377049180328,2,3.278688524590164,213
E14001503,Southgate and Wood Green,124576,18175.398379302595,17352,4,70,3,4.285714285714286,0,0,214
E14001076,Barrow and Furness,99005,17311.13919499015,17510,5,68,12,17.647058823529413,2,2.941176470588235,215
E14001126,Bridgwater,92083,18159.948959091256,17526,5,56,4,7.142857142857142,3,5.357142857142857,216
E14001123,Brent West,126666,19004.357199248418,17613,5,64,0,0,0,0,217
E14001304,Isle of Wight West,71275,18349.389351104877,17636,5,44,2,4.545454545454546,0,0,218
E14001145,Bury South,106158,17869.789558959288,17751,5,64,6,9.375,0,0,219
E14001422,Pendle and Clitheroe,108218,18683.97721266333,17856,5,64,14,21.875,3,4.6875,220
E14001267,Harlow,106148,20564.415631947846,18051,5,64,0,0,1,1.5625,221
E14001246,Gillingham and Rainham,101372,20410.72249733654,18074,5,63,5,7.936507936507936,4,6.349206349206349,222
E14001208,Ealing North,128909,17488.551726411653,18118,5,70,1,1.4285714285714286,0,0,223
E14001184,Crawley,116797,21183.518408007054,18123,5,66,1,1.5151515151515151,3,4.545454545454546,224
W07000093,Ceredigion Preseli,101532,18829.85207126817,18206,5,60,1,1.6666666666666667,0,0,225
W07000105,Newport West and Islwyn,98122,19299.258178593995,18221,5,60,5,8.333333333333332,0,0,226
E14001528,Stretford and Urmston,101090,18934.315985755267,18245,5,60,4,6.666666666666667,2,3.3333333333333335,227
E14001183,Cramlington and Killingworth,94206,21594.09700549859,18250,5,59,1,1.694915254237288,8,13.559322033898304,228
E14001116,Bournemouth West,101834,19338.984784060332,18265,5,60,4,6.666666666666667,0,0,229
E14001497,South West Norfolk,102337,18554.251038236416,18403,5,58,1,1.7241379310344827,1,1.7241379310344827,230
E14001319,Leeds Central and Headingley,103389,16983.86766483862,18453,5,55,6,10.909090909090908,0,0,231
E14001455,Runcorn and Helsby,91692,18665.967963399205,18453,5,60,17,28.333333333333332,5,8.333333333333332,232
W07000112,Ynys Môn,75551,18597.84110733147,18470,5,44,2,4.545454545454546,0,0,233
E14001564,Warrington North,96395,19755.260189843873,18518,5,62,7,11.29032258064516,3,4.838709677419355,234
E14001264,Hammersmith and Chiswick,113979,19141.565016362663,18538,5,70,0,0,1,1.4285714285714286,235
E14001301,Ilford South,128377,17918.405859305014,18558,5,62,0,0,0,0,236
E14001462,Scunthorpe,103135,18211.786061957628,18574,5,64,11,17.1875,2,3.125,237
E14001396,North Norfolk,88975,18852.52926102838,18628,5,53,0,0,0,0,238
E14001223,Eltham and Chislehurst,106810,19807.861272352777,18699,5,63,1,1.5873015873015872,1,1.5873015873015872,239
E14001106,Blaydon and Consett,89237,19926.910995439113,18723,5,55,1,1.8181818181818181,0,0,240
E14001186,Croydon East,108692,19465.182543333456,18750,5,67,2,2.9850746268656714,1,1.4925373134328357,241
E14001471,Sherwood Forest,94005,20857.11641402053,18788,5,56,3,5.357142857142857,6,10.714285714285714,242
E14001079,Bassetlaw,108066,19086.90043584476,18827,5,62,5,8.064516129032258,0,0,243
E14001571,Wellingborough and Rushden,109411,20860.639711729167,19055,5,62,3,4.838709677419355,5,8.064516129032258,244
W07000092,Cardiff West,102558,18135.496104643225,19188,5,61,17,27.86885245901639,3,4.918032786885246,245
E14001336,Lincoln,113193,19066.51240359386,19323,5,64,10,15.625,3,4.6875,246
E14001202,Dover and Deal,100771,19051.36974923341,19406,5,60,5,8.333333333333332,1,1.6666666666666667,247
E14001548,Tiverton and Minehead,91307,20579.83639808558,19560,5,51,0,0,1,1.9607843137254901,248
E14001522,Stoke-on-Trent South,91855,19562.49267867835,19563,5,60,12,20,3,5,249
E14001181,Coventry North West,104468,19658.79019412643,19636,5,64,5,7.8125,4,6.25,250
W07000100,Mid and South Pembrokeshire,103650,17625.72424023155,19668,5,57,4,7.017543859649122,0,0,251
E14001387,North Devon,98599,20776.639834075395,19693,5,58,3,5.172413793103448,0,0,252
E14001254,Gravesham,105215,20338.298526826024,19708,5,64,2,3.125,2,3.125,253
E14001480,South Basildon and East Thurrock,101246,19678.974142188334,19713,5,63,7,11.11111111111111,1,1.5873015873015872,254
E14001279,Hendon,114076,20838.11352519373,19771,5,60,0,0,1,1.6666666666666667,255
E14001397,North Northumberland,90855,22119.553761488085,19771,5,54,2,3.7037037037037033,5,9.25925925925926,256
W07000096,Dwyfor Meirionnydd,99228,19553.274912323133,19781,5,60,1,1.6666666666666667,0,0,257
E14001157,Chatham and Aylesford,99522,18682.374731215208,19819,5,61,7,11.475409836065573,1,1.639344262295082,258
W07000102,Montgomeryshire and Glyndwr,98356,18598.44892024889,19823,5,56,1,1.7857142857142856,0,0,259
E14001108,Bognor Regis and Littlehampton,101126,20252.393790914306,19864,5,60,3,5,1,1.6666666666666667,260
E14001333,Lewisham West and East Dulwich,99430,18697.294543900232,19870,5,58,0,0,0,0,261
E14001308,Keighley and Ilkley,100621,19768.680136353247,19936,5,60,14,23.333333333333332,7,11.666666666666666,262
E14001066,Amber Valley,90766,20572.43279972677,19988,5,57,3,5.263157894736842,2,3.508771929824561,263
E14001601,Wyre Forest,99813,20157.447837456042,19989,5,65,4,6.153846153846154,2,3.076923076923077,264
E14001506,Spen Valley,96971,20281.802038753853,20087,5,59,2,3.389830508474576,2,3.389830508474576,265
E14001395,North Herefordshire,90113,22126.226887352546,20120,5,57,0,0,1,1.7543859649122806,266
W07000085,"Brecon, Radnor and Cwm Tawe",91979,19372.456919514236,20174,5,58,1,1.7241379310344827,0,0,267
E14001282,Herne Bay and Sandwich,97037,20653.208781186557,20179,5,56,3,5.357142857142857,1,1.7857142857142856,268
E14001467,Sheffield Central,100234,20450.342318973602,20217,5,53,3,5.660377358490567,0,0,269
E14001493,South Shropshire,98356,22109.126830086625,20243,5,59,1,1.694915254237288,1,1.694915254237288,270
E14001150,Cannock Chase,99886,20912.18789419939,20270,5,60,2,3.3333333333333335,2,3.3333333333333335,271
E14001324,Leeds South West and Morley,95265,18574.99517136409,20308,5,57,7,12.280701754385964,2,3.508771929824561,272
E14001281,Hereford and South Herefordshire,96809,21041.72039273208,20413,5,59,1,1.694915254237288,3,5.084745762711865,273
W07000083,Bangor Aberconwy,92778,20733.408421177435,20421,5,56,2,3.571428571428571,0,0,274
E14001191,Dartford,95238,22150.520385770385,20439,5,53,1,1.8867924528301887,4,7.547169811320755,275
E14001144,Bury North,101939,20096.853186709697,20453,5,63,7,11.11111111111111,9,14.285714285714285,276
E14001124,Brentford and Isleworth,118261,20081.97579506346,20505,5,61,1,1.639344262295082,0,0,277
W07000111,Wrexham,101031,19749.006596985084,20512,5,63,5,7.936507936507936,2,3.1746031746031744,278
E14001310,Kensington and Bayswater,139093,20027.71499284651,20615,5,92,8,8.695652173913043,0,0,279
E14001400,North Warwickshire and Bedworth,94349,20800.392940041762,20712,5,56,1,1.7857142857142856,0,0,280
E14001277,Hazel Grove,95696,22483.27763438388,20735,5,63,5,7.936507936507936,7,11.11111111111111,281
E14001182,Coventry South,114208,21336.011382740264,20775,5,62,5,8.064516129032258,5,8.064516129032258,282
E14001248,Gloucester,110558,19414.211337035766,20802,5,68,9,13.23529411764706,1,1.4705882352941175,283
E14001516,Stevenage,97272,22065.7655543219,20806,5,58,0,0,3,5.172413793103448,284
E14001115,Bournemouth East,105727,20939.54627483992,21104,5,61,5,8.19672131147541,3,4.918032786885246,285
E14001504,Southport,97139,21266.3347831458,21159,5,64,5,7.8125,1,1.5625,286
E14001199,Doncaster East and the Isle of Axholme,92381,20419.365410636387,21218,5,56,5,8.928571428571429,1,1.7857142857142856,287
E14001485,South Dorset,98374,20262.393579604366,21233,5,58,6,10.344827586206897,2,3.4482758620689653,288
E14001088,Bexhill and Battle,87915,22205.363703577317,21254,5,55,2,3.6363636363636362,0,0,289
E14001438,Reading Central,115813,23638.84438275496,21263,5,65,1,1.5384615384615385,11,16.923076923076923,290
E14001112,Bolton West,100315,21751.35466281214,21312,5,61,3,4.918032786885246,3,4.918032786885246,291
E14001398,North Shropshire,102136,22378.682183559176,21322,5,63,0,0,0,0,292
E14001275,Havant,94431,19371.64653027078,21405,5,60,5,8.333333333333332,2,3.3333333333333335,293
W07000094,Clwyd East,96566,21548.59916015989,21411,5,57,1,1.7543859649122806,1,1.7543859649122806,294
E14001134,Bristol North West,109692,21818.238495058893,21494,5,62,5,8.064516129032258,13,20.967741935483872,295
E14001371,Mitcham and Morden,122301,21132.05181069656,21694,6,69,0,0,0,0,296
E14001603,Yeovil,100672,22229.8744685712,21704,6,63,1,1.5873015873015872,4,6.349206349206349,297
E14001350,Makerfield,103018,20892.371959269254,21933,6,62,6,9.67741935483871,2,3.225806451612903,298
E14001147,Calder Valley,98465,20954.314817447823,21941,6,62,1,1.6129032258064515,3,4.838709677419355,299
E14001235,Faversham and Mid Kent,97353,22719.02197672388,22040,5,56,3,5.357142857142857,8,14.285714285714285,300
E14001451,Rother Valley,93672,20751.10469510633,22059,6,59,8,13.559322033898304,0,0,301
E14001167,Chingford and Woodford Green,111151,22314.890306879828,22285,6,64,0,0,4,6.25,302
E14001185,Crewe and Nantwich,108297,23220.14233542942,22320,5,68,3,4.411764705882353,12,17.647058823529413,303
E14001581,Weston-super-Mare,93956,19445.415976627355,22364,6,61,8,13.114754098360656,3,4.918032786885246,304
E14001441,Redditch,94297,20838.85865934229,22484,6,62,5,8.064516129032258,4,6.451612903225806,305
E14001127,Bridlington and The Wolds,90954,20651.688276491415,22500,6,56,9,16.071428571428573,1,1.7857142857142856,306
E14001365,Mid Norfolk,96062,22434.088203451938,22662,6,53,0,0,0,0,307
E14001179,Corby and East Northamptonshire,111131,21436.785527890508,22677,6,63,4,6.349206349206349,5,7.936507936507936,308
E14001176,Colchester,101767,22075.74308960665,22690,6,61,1,1.639344262295082,3,4.918032786885246,309
E14001296,Hove and Portslade,102025,22947.553129135016,22738,6,63,2,3.1746031746031744,3,4.761904761904762,310
E14001424,Penrith and Solway,99827,23302.301231129855,22739,6,61,2,3.278688524590164,2,3.278688524590164,311
E14001554,Truro and Falmouth,93825,22230.92674660272,22775,6,54,0,0,0,0,312
E14001228,Erewash,95333,21746.953122213716,22818,6,62,4,6.451612903225806,6,9.67741935483871,313
E14001271,Harrow West,112490,23597.552658014047,22834,6,59,0,0,2,3.389830508474576,314
E14001243,Gainsborough,95523,22499.250740659318,22903,6,52,4,7.6923076923076925,3,5.769230769230769,315
E14001484,South Devon,89187,21891.615510107975,22914,6,53,1,1.8867924528301887,0,0,316
E14001408,Norwich North,98116,21930.443159117778,22988,6,61,7,11.475409836065573,4,6.557377049180328,317
E14001569,Waveney Valley,92753,22613.074709173827,22998,6,54,0,0,0,0,318
E14001419,Oxford East,116560,22699.307223747426,23001,6,64,1,1.5625,6,9.375,319
E14001487,South Holland and The Deepings,108454,23502.100964464196,23051,6,58,0,0,3,5.172413793103448,320
E14001401,North West Cambridgeshire,103587,21978.319465763077,23094,6,59,4,6.779661016949152,1,1.694915254237288,321
E14001361,Mid Cheshire,90508,22545.069640252794,23272,6,54,4,7.4074074074074066,5,9.25925925925926,322
E14001540,Taunton and Wellington,103247,23622.002096913227,23284,6,59,3,5.084745762711865,5,8.47457627118644,323
E14001240,Forest of Dean,92627,22515.243266002355,23332,6,53,1,1.8867924528301887,0,0,324
E14001231,Exeter,100853,23846.017758519825,23370,6,61,0,0,5,8.19672131147541,325
E14001538,Tamworth,102550,22913.73410043881,23497,6,64,4,6.25,6,9.375,326
E14001550,Tooting,106919,23285.918335375376,23502,6,63,0,0,0,0,327
E14001578,West Suffolk,111144,23191.357117793134,23531,6,59,0,0,1,1.694915254237288,328
W07000086,Bridgend,89801,21526.736896025657,23570,6,54,3,5.555555555555555,1,1.8518518518518516,329
E14001155,Central Devon,94238,23906.05146543857,23602,6,54,0,0,3,5.555555555555555,330
E14001143,Burton and Uttoxeter,114058,22047.62641813814,23668,6,64,3,4.6875,6,9.375,331
E14001570,Weald of Kent,95145,24262.06291449892,23733,6,56,0,0,0,0,332
E14001300,Ilford North,120388,23526.68572864405,23753,6,63,0,0,0,0,333
E14001172,Cities of London and Westminster,134664,24322.088783936317,23873,6,80,0,0,3,3.75,334
E14001380,Newcastle-under-Lyme,94664,22189.926482084004,23895,6,59,2,3.389830508474576,3,5.084745762711865,335
W07000101,Monmouthshire,91294,23215.92058623787,23899,6,56,0,0,1,1.7857142857142856,336
E14001530,Suffolk Coastal,96772,25340.04199561857,24007,6,55,0,0,5,9.090909090909092,337
E14001160,Chelsea and Fulham,124470,23117.551747409016,24062,6,82,2,2.4390243902439024,0,0,338
E14001278,Hemel Hempstead,101443,24887.291572607275,24155,6,61,0,0,7,11.475409836065573,339
E14001293,Hornsey and Friern Barnet,99888,22810.1498728576,24193,6,60,0,0,0,0,340
E14001537,Swindon South,108289,22317.56238860826,24202,6,65,6,9.230769230769232,5,7.6923076923076925,341
E14001139,Broxbourne,105466,23760.72949576167,24220,6,62,0,0,3,4.838709677419355,342
E14001543,The Wrekin,106716,23936.450963304473,24243,6,62,3,4.838709677419355,6,9.67741935483871,343
E14001388,North Dorset,95271,27464.31354766928,24275,6,52,0,0,7,13.461538461538462,344
E14001448,Romford,106187,24554.449960918002,24294,6,61,0,0,3,4.918032786885246,345
E14001391,North East Derbyshire,92600,24340.210118790495,24363,6,58,3,5.172413793103448,8,13.793103448275861,346
E14001597,Worcester,102625,22984.849568818514,24369,6,63,8,12.698412698412698,7,11.11111111111111,347
E14001252,Gosport,93399,24009.518554802515,24410,6,62,1,1.6129032258064515,9,14.516129032258066,348
E14001358,Meriden and Solihull East,100365,24361.086798186618,24436,6,61,12,19.672131147540984,17,27.86885245901639,349
E14001575,West Dorset,89742,24231.94895366718,24460,6,51,0,0,2,3.9215686274509802,350
E14001318,Lancaster and Wyre,102548,23238.333907048407,24497,6,55,4,7.2727272727272725,3,5.454545454545454,351
E14001081,Battersea,103610,23840.99966219477,24538,6,56,0,0,5,8.928571428571429,352
E14001599,Worthing West,94514,24442.228542861376,24546,6,57,0,0,5,8.771929824561402,353
E14001472,Shipley,98293,23619.491647421484,24643,6,59,3,5.084745762711865,9,15.254237288135593,354
E14001069,Ashford,105334,23354.077657736343,24791,6,60,1,1.6666666666666667,1,1.6666666666666667,355
E14001544,Thirsk and Malton,93966,25748.025642253582,24841,6,53,0,0,2,3.7735849056603774,356
E14001166,Chichester,101186,25919.89232700176,24842,6,59,1,1.694915254237288,5,8.47457627118644,357
E14001372,Morecambe and Lunesdale,99772,21877.08110993064,24868,6,63,9,14.285714285714285,4,6.349206349206349,358
E14001498,South West Wiltshire,89534,25119.862666696452,24877,6,54,1,1.8518518518518516,3,5.555555555555555,359
E14001381,Newton Abbot,88692,24417.524985342534,24881,6,57,0,0,3,5.263157894736842,360
E14001247,Glastonbury and Somerton,93395,24593.45477273944,24927,6,53,1,1.8867924528301887,2,3.7735849056603774,361
E14001577,West Lancashire,101957,23612.15698774974,24935,6,62,6,9.67741935483871,9,14.516129032258066,362
E14001270,Harrow East,118524,24444.731176808073,24965,6,65,0,0,0,0,363
E14001568,Watford,105406,25757.16061229911,25089,6,58,0,0,8,13.793103448275861,364
E14001154,Castle Point,91383,24420.626664696934,25094,6,58,1,1.7241379310344827,3,5.172413793103448,365
E14001273,Harwich and North Essex,97448,23659.327251457187,25138,6,57,3,5.263157894736842,4,7.017543859649122,366
E14001502,Southend West and Leigh,102981,24788.099275594526,25370,6,63,1,1.5873015873015872,8,12.698412698412698,367
E14001153,Carshalton and Wallington,103122,24257.429922809875,25374,6,61,1,1.639344262295082,9,14.754098360655737,368
E14001579,West Worcestershire,99871,25620.64718486848,25432,6,58,1,1.7241379310344827,3,5.172413793103448,369
W07000082,Alyn and Deeside,102431,22758.972200798587,25443,7,60,5,8.333333333333332,0,0,370
E14001218,East Worthing and Shoreham,99930,24710.278850195136,25447,6,64,0,0,8,12.5,371
E14001311,Kettering,105271,24073.718792449963,25471,6,59,4,6.779661016949152,4,6.779661016949152,372
W07000110,Vale of Glamorgan,92265,21583.558310301847,25532,6,56,5,8.928571428571429,0,0,373
E14001600,Wycombe,104142,27318.159076069212,25842,6,59,0,0,8,13.559322033898304,374
E14001203,Droitwich and Evesham,100464,24922.53823260073,25885,6,58,0,0,5,8.620689655172415,375
E14001241,Frome and East Somerset,90726,26056.775813989374,26054,6,54,0,0,4,7.4074074074074066,376
E14001573,Welwyn Hatfield,111962,26757.134335756775,26130,7,64,0,0,10,15.625,377
E14001429,Poole,94503,25338.31023353756,26277,7,56,0,0,6,10.714285714285714,378
E14001177,Colne Valley,93322,25182.028958873576,26293,7,54,1,1.8518518518518516,2,3.7037037037037033,379
E14001369,Milton Keynes Central,120805,23750.553917470304,26325,7,67,5,7.462686567164178,4,5.970149253731343,380
E14001473,Shrewsbury,96183,25736.28815903018,26417,7,57,1,1.7543859649122806,8,14.035087719298245,381
E14001128,Brigg and Immingham,88893,24994.468973934956,26460,7,54,2,3.7037037037037033,3,5.555555555555555,382
E14001089,Bexleyheath and Crayford,94008,25182.48935728874,26612,7,58,0,0,4,6.896551724137931,383
E14001173,City of Durham,105164,24204.61531037237,26678,7,58,5,8.620689655172415,8,13.793103448275861,384
E14001136,Broadland and Fakenham,93988,27113.014438013364,26801,7,59,0,0,7,11.864406779661017,385
E14001265,Hampstead and Highgate,118571,25583.423404542427,26985,7,74,0,0,8,10.81081081081081,386
E14001072,Banbury,96940,26147.38780173303,27018,7,60,0,0,5,8.333333333333332,387
E14001505,Spelthorne,101901,26147.43302813515,27030,7,60,0,0,4,6.666666666666667,388
E14001407,Northampton South,102348,24278.62526380584,27091,7,60,5,8.333333333333332,6,10,389
E14001580,Westmorland and Lonsdale,92966,27031.455311619302,27114,7,53,0,0,3,5.660377358490567,390
E14001285,Hexham,97021,27359.413209511342,27116,7,58,1,1.7241379310344827,8,13.793103448275861,391
E14001121,Braintree,105317,26807.97528414216,27155,7,57,0,0,5,8.771929824561402,392
E14001064,Aldridge-Brownhills,96142,24438.60855297373,27185,7,61,1,1.639344262295082,5,8.19672131147541,393
E14001078,Basingstoke,104119,26383.761321180573,27198,7,65,0,0,16,24.615384615384617,394
E14001604,York Central,111811,26689.058361878528,27240,7,63,1,1.5873015873015872,11,17.46031746031746,395
E14001131,Bristol Central,89654,24761.93483280166,27382,7,49,3,6.122448979591836,3,6.122448979591836,396
E14001460,Salisbury,89379,27445.7662929771,27513,7,54,0,0,8,14.814814814814813,397
E14001226,Epping Forest,102671,26300.12879488853,27525,7,61,0,0,8,13.114754098360656,398
E14001253,Grantham and Bourne,95320,26173.486928241713,27538,7,54,1,1.8518518518518516,7,12.962962962962962,399
W07000097,Gower,94871,25893.661092430775,27553,7,60,2,3.3333333333333335,2,3.3333333333333335,400
E14001130,Brighton Pavilion,103439,25054.40726418469,27653,7,59,2,3.389830508474576,7,11.864406779661017,401
E14001572,Wells and Mendip Hills,87371,28040.19089858191,27654,7,50,0,0,6,12,402
E14001434,Putney,107693,25434.90808594802,27659,7,60,0,0,4,6.666666666666667,403
E14001206,Dunstable and Leighton Buzzard,100898,25321.60077999564,27705,7,58,0,0,5,8.620689655172415,404
E14001349,Maidstone and Malling,109716,26782.566895439133,27711,7,58,0,0,15,25.862068965517242,405
E14001140,Broxtowe,95452,27267.58181075305,27834,7,60,0,0,11,18.333333333333332,406
E14001494,South Suffolk,92371,26790.029760422643,27854,7,54,0,0,5,9.25925925925926,407
E14001238,Finchley and Golders Green,126183,26195.33974861907,27863,7,72,1,1.3888888888888888,0,0,408
E14001453,Rugby,100705,27190.92852390646,27899,7,59,0,0,10,16.94915254237288,409
E14001321,Leeds North East,95252,23672.572365934575,27932,7,58,9,15.517241379310345,5,8.620689655172415,410
E14001590,Witham,100847,27773.139379456006,28046,7,58,0,0,6,10.344827586206897,411
E14001242,Fylde,98927,26605.273646223985,28072,7,60,2,3.3333333333333335,5,8.333333333333332,412
E14001146,Bury St Edmunds and Stowmarket,102001,28224.353133792807,28082,7,63,0,0,10,15.873015873015872,413
E14001245,Gedling,101719,26330.453612402795,28202,7,67,1,1.4925373134328357,7,10.44776119402985,414
E14001284,Hertsmere,102716,28127.37935180498,28209,7,60,1,1.6666666666666667,13,21.666666666666668,415
E14001375,Newark,107506,26214.32508883225,28299,7,62,2,3.225806451612903,8,12.903225806451612,416
E14001170,Chorley,96576,24059.182855989067,28324,7,56,3,5.357142857142857,4,7.142857142857142,417
E14001513,Stafford,95045,27150.431637645324,28338,7,55,0,0,11,20,418
E14001163,Chester North and Neston,91180,25158.06152665058,28402,7,57,3,5.263157894736842,9,15.789473684210526,419
E14001558,Uxbridge and South Ruislip,109115,25699.13368464464,28414,7,60,0,0,2,3.3333333333333335,420
E14001514,Staffordshire Moorlands,85264,25767.102874601238,28434,7,52,0,0,2,3.8461538461538463,421
E14001557,Tynemouth,95720,24144.36245298788,28496,7,62,8,12.903225806451612,14,22.58064516129032,422
E14001404,North West Leicestershire,98992,27206.277173913044,28533,7,55,2,3.6363636363636362,5,9.090909090909092,423
E14001087,Beverley and Holderness,88726,27246.582473006787,28564,7,56,3,5.357142857142857,13,23.214285714285715,424
E14001351,Maldon,96499,27898.631840744463,28576,7,60,0,0,10,16.666666666666664,425
E14001423,Penistone and Stocksbridge,92491,25135.16521607508,28616,7,59,2,3.389830508474576,3,5.084745762711865,426
E14001370,Milton Keynes North,86267,25889.176260910892,28773,7,54,1,1.8518518518518516,6,11.11111111111111,427
E14001287,High Peak,91106,26432.782687199528,28789,7,59,3,5.084745762711865,6,10.16949152542373,428
E14001549,Tonbridge,96014,28951.71682254671,28830,7,57,0,0,12,21.052631578947366,429
E14001417,Orpington,98278,26893.307367874804,28846,7,60,0,0,16,26.666666666666668,430
E14001483,South Derbyshire,89167,26499.652057375486,28875,7,50,0,0,6,12,431
E14001536,Swindon North,97722,25040.306834694336,28909,7,59,6,10.16949152542373,6,10.16949152542373,432
E14001444,Richmond and Northallerton,93861,29053.33901727022,28982,7,61,0,0,9,14.754098360655737,433
E14001464,Selby,97368,28077.677019143866,29009,7,56,1,1.7857142857142856,8,14.285714285714285,434
E14001373,New Forest East,91156,28021.8417986748,29098,7,60,0,0,11,18.333333333333332,435
E14001187,Croydon South,103228,28061.031125276088,29157,7,60,0,0,6,10,436
E14001463,Sefton Central,90036,27276.53517481896,29161,7,62,0,0,7,11.29032258064516,437
E14001151,Canterbury,105360,26392.585848519364,29220,7,61,1,1.639344262295082,7,11.475409836065573,438
E14001291,Honiton and Sidmouth,90451,28680.569927363988,29223,7,51,0,0,3,5.88235294117647,439
E14001475,Skipton and Ripon,99717,29189.890675611983,29251,7,60,0,0,7,11.666666666666666,440
E14001063,Aldershot,115740,27629.285540867462,29255,7,69,0,0,15,21.73913043478261,441
E14001149,Cambridge,122996,26685.446652736675,29255,7,58,0,0,4,6.896551724137931,442
E14001169,Chipping Barnet,115521,27852.24660884168,29321,7,68,0,0,8,11.76470588235294,443
E14001342,Loughborough,98100,27699.311172273192,29324,7,54,2,3.7037037037037033,14,25.925925925925924,444
E14001418,Ossett and Denby Dale,95051,26326.930973898223,29357,7,59,1,1.694915254237288,9,15.254237288135593,445
E14001523,"Stone, Great Wyrley and Penkridge",94430,27811.053182251402,29381,7,54,0,0,5,9.25925925925926,446
E14001330,Lewes,95204,27143.981329565984,29471,7,59,0,0,6,10.16949152542373,447
E14001164,Chester South and Eddisbury,89188,29058.297657756648,29494,7,49,1,2.0408163265306123,9,18.367346938775512,448
E14001449,Romsey and Southampton North,94946,28400.45008741811,29517,7,57,0,0,12,21.052631578947366,449
E14001217,East Wiltshire,92868,29552.371301201707,29616,7,51,0,0,4,7.8431372549019605,450
E14001288,Hinckley and Bosworth,97903,27251.169136798668,29694,7,57,0,0,6,10.526315789473683,451
E14001292,Hornchurch and Upminster,105829,25342.93889671073,29720,7,62,1,1.6129032258064515,8,12.903225806451612,452
E14001357,Melton and Syston,95217,28780.051755463835,29811,7,54,0,0,7,12.962962962962962,453
W07000090,Cardiff North,91751,27373.59852208695,29828,7,56,2,3.571428571428571,0,0,454
E14001489,South Norfolk,84752,29701.81803379271,29869,7,49,0,0,8,16.3265306122449,455
E14001526,Stratford-on-Avon,91868,29693.537809683457,29919,7,50,0,0,7,14.000000000000002,456
E14001312,Kingston and Surbiton,115785,29104.685127607205,29947,7,66,0,0,6,9.090909090909092,457
E14001117,Bracknell,99331,30512.014300671493,29988,7,64,0,0,20,31.25,458
E14001215,East Surrey,98978,28755.6969326517,30024,7,56,0,0,7,12.5,459
E14001379,Newcastle upon Tyne North,101268,27100.586246395702,30027,7,63,2,3.1746031746031744,16,25.396825396825395,460
E14001384,North Bedfordshire,89788,29527.458374170266,30073,7,54,0,0,5,9.25925925925926,461
E14001386,North Cotswolds,78927,29947.567036628785,30163,8,45,0,0,7,15.555555555555555,462
E14001156,Central Suffolk and North Ipswich,91456,28406.29326670749,30191,8,50,2,4,11,22,463
E14001363,Mid Dorset and North Poole,96730,30751.34701747131,30198,7,61,0,0,19,31.147540983606557,464
E14001439,Reading West and Mid Berkshire,95859,29093.047079564778,30250,8,59,1,1.694915254237288,13,22.033898305084744,465
E14001067,Arundel and South Downs,94869,29945.888151029314,30251,8,57,0,0,7,12.280701754385964,466
E14001192,Daventry,98468,29136.49385587196,30347,8,52,1,1.9230769230769231,5,9.615384615384617,467
E14001356,Melksham and Devizes,87531,28508.84768824759,30491,8,54,0,0,5,9.25925925925926,468
E14001566,Warwick and Leamington,104840,28686.606104540253,30494,8,61,0,0,9,14.754098360655737,469
E14001141,Buckingham and Bletchley,96770,26515.403947504394,30549,8,55,2,3.6363636363636362,4,7.2727272727272725,470
E14001465,Sevenoaks,97529,29546.955710609152,30646,8,61,0,0,16,26.229508196721312,471
E14001491,South Ribble,96838,27654.266166174435,30710,8,58,3,5.172413793103448,13,22.413793103448278,472
E14001125,Brentwood and Ongar,95969,30127.898107722285,30817,8,57,0,0,17,29.82456140350877,473
E14001224,Ely and East Cambridgeshire,106846,30819.497168822418,30891,8,61,0,0,13,21.311475409836063,474
E14001535,Sutton Coldfield,97575,28428.590335639252,30936,8,60,1,1.6666666666666667,8,13.333333333333334,475
E14001335,Lichfield,89541,29971.26787170123,30972,8,53,0,0,11,20.754716981132077,476
E14001495,South West Devon,96525,30518.365558145557,30978,8,59,0,0,6,10.16949152542373,477
E14001589,Wirral West,88801,28458.490625105573,31180,8,60,3,5,12,20,478
E14001071,Aylesbury,105044,28557.51515555386,31455,8,65,0,0,18,27.692307692307693,479
E14001555,Tunbridge Wells,105004,31108.497809607252,31495,8,62,0,0,16,25.806451612903224,480
E14001533,Sussex Weald,87557,29784.030460157384,31550,8,53,0,0,9,16.9811320754717,481
E14001083,Beckenham and Penge,105519,28414.345980344773,31664,8,64,0,0,12,18.75,482
E14001168,Chippenham,95689,28648.34942365371,31707,8,56,0,0,12,21.428571428571427,483
E14001545,Thornbury and Yate,97418,31636.101259520827,31749,8,56,0,0,18,32.142857142857146,484
E14001374,New Forest West,84776,29779.135333113147,31817,8,54,0,0,12,22.22222222222222,485
E14001402,North West Essex,99712,32135.34302792041,31924,8,52,0,0,9,17.307692307692307,486
E14001393,North East Hertfordshire,99123,29949.729245482886,32008,8,60,0,0,12,20,487
E14001232,Exmouth and Exeter East,86930,28885.363510870815,32124,8,48,0,0,6,12.5,488
E14001456,Runnymede and Weybridge,106641,30826.470095929333,32137,8,64,0,0,13,20.3125,489
E14001565,Warrington South,94615,26636.33619404957,32231,8,58,3,5.172413793103448,13,22.413793103448278,490
E14001443,Ribble Valley,100613,30146.861722640217,32351,8,62,0,0,11,17.741935483870968,491
E14001403,North West Hampshire,95500,29970.068984293193,32410,8,58,0,0,14,24.137931034482758,492
E14001137,Bromley and Biggin Hill,96359,30208.531003850185,32455,8,56,0,0,6,10.714285714285714,493
E14001159,Chelmsford,102486,29804.74657514197,32500,8,65,0,0,16,24.615384615384617,494
E14001309,Kenilworth and Southam,92989,32391.534950370475,32507,8,54,0,0,9,16.666666666666664,495
E14001298,Huntingdon,105451,29829.900342339097,32553,8,63,0,0,12,19.047619047619047,496
E14001195,Derbyshire Dales,90964,30648.882788795567,32590,8,55,1,1.8181818181818181,8,14.545454545454545,497
E14001269,Harrogate and Knaresborough,100159,32198.90649367506,32622,8,65,1,1.5384615384615385,26,40,498
E14001481,South Cambridgeshire,104509,33523.50697547579,32701,8,64,0,0,20,31.25,499
E14001414,Old Bexley and Sidcup,101850,30158.556259204714,32719,8,62,0,0,9,14.516129032258066,500
E14001394,North East Somerset and Hanham,94751,31134.15429916307,32746,8,58,0,0,15,25.862068965517242,501
E14001171,Christchurch,84773,30666.84609486511,32783,8,53,0,0,11,20.754716981132077,502
E14001529,Stroud,96818,31134.981547852673,32797,8,57,0,0,13,22.807017543859647,503
E14001534,Sutton and Cheam,104095,31323.392915125605,32799,8,60,0,0,14,23.333333333333332,504
E14001476,Sleaford and North Hykeham,93586,29771.03783685594,32851,8,53,0,0,7,13.20754716981132,505
E14001376,Newbury,96811,31902.2117837849,32852,8,57,0,0,13,22.807017543859647,506
E14001347,Macclesfield,96659,29471.70954075668,32857,8,60,1,1.6666666666666667,20,33.33333333333333,507
E14001201,Dorking and Horley,90723,31322.43255844714,32988,8,54,0,0,14,25.925925925925924,508
E14001542,Tewkesbury,92890,30060.64802992787,32997,8,55,0,0,12,21.818181818181817,509
E14001488,South Leicestershire,99621,33725.515548930445,33061,8,52,0,0,15,28.846153846153843,510
E14001482,South Cotswolds,92558,31818.951576308908,33088,8,56,0,0,10,17.857142857142858,511
E14001316,Kingswinford and South Staffordshire,90470,30561.248662540067,33221,8,59,0,0,10,16.94915254237288,512
E14001233,Fareham and Waterlooville,96158,29977.86627217704,33285,8,61,1,1.639344262295082,15,24.59016393442623,513
E14001250,Goole and Pocklington,105494,30867.09728041405,33293,8,60,1,1.6666666666666667,18,30,514
E14001158,Cheadle,97540,31087.66308693869,33333,8,63,1,1.5873015873015872,19,30.158730158730158,515
E14001178,Congleton,86268,30896.79195646126,33348,8,49,0,0,17,34.69387755102041,516
E14001519,Stockton West,93165,30435.783030107872,33382,8,56,0,0,11,19.642857142857142,517
E14001582,Wetherby and Easingwold,92117,32340.86774970961,33569,8,54,0,0,11,20.37037037037037,518
E14001082,Beaconsfield,96549,33773.82004474412,33595,8,57,0,0,24,42.10526315789473,519
E14001364,Mid Leicestershire,98597,32093.579703236406,33650,8,58,0,0,11,18.96551724137931,520
E14001454,"Ruislip, Northwood and Pinner",100134,32089.604435057023,33668,8,60,0,0,16,26.666666666666668,521
E14001090,Bicester and Woodstock,92311,31786.87168918114,33783,8,58,0,0,15,25.862068965517242,522
E14001249,Godalming and Ash,98384,33654.48906834445,34004,8,61,0,0,23,37.704918032786885,523
E14001458,Rutland and Stamford,89016,33004.03026983913,34159,8,52,0,0,17,32.69230769230769,524
E14001294,Horsham,92442,32716.081002141884,34192,9,56,0,0,23,41.07142857142857,525
E14001138,Bromsgrove,97463,30890.824343597058,34286,8,58,0,0,18,31.03448275862069,526
E14001161,Cheltenham,98026,28952.24271111746,34360,9,63,2,3.1746031746031744,19,30.158730158730158,527
E14001322,Leeds North West,94716,30696.623110139786,34366,9,57,1,1.7543859649122806,15,26.31578947368421,528
E14001479,Solihull West and Shirley,93468,31613.571388068645,34439,9,57,0,0,20,35.08771929824561,529
E14001592,Woking,104299,31176.51993787093,34445,9,61,0,0,16,26.229508196721312,530
E14001588,Windsor,111868,31122.506655165016,34524,9,62,0,0,25,40.32258064516129,531
E14001197,Didcot and Wantage,98057,33287.08586332439,34738,9,56,0,0,17,30.357142857142854,532
E14001212,East Grinstead and Uckfield,95342,33890.34029598708,34984,9,56,0,0,19,33.92857142857143,533
E14001437,Rayleigh and Wickford,97036,32994.463518694094,35169,9,58,0,0,16,27.586206896551722,534
E14001539,Tatton,98077,32135.983303934663,35176,9,56,0,0,22,39.285714285714285,535
E14001420,Oxford West and Abingdon,106435,32961.423084511676,35248,9,57,0,0,23,40.35087719298245,536
E14001234,Farnham and Bordon,100111,34249.363556452336,35320,9,63,0,0,23,36.507936507936506,537
E14001266,"Harborough, Oadby and Wigston",100272,31364.055848093187,35384,9,59,0,0,14,23.728813559322035,538
E14001442,Reigate,107777,32362.88121769951,35398,9,64,0,0,19,29.6875,539
E14001591,Witney,93828,34353.23438099501,35576,9,53,0,0,16,30.18867924528302,540
E14001214,East Hampshire,91887,32626.437858456582,35643,9,52,0,0,13,25,541
E14001263,Hamble Valley,101295,33984.82905868997,35681,9,59,0,0,17,28.8135593220339,542
E14001237,Filton and Bradley Stoke,96748,32882.444686195064,35729,9,56,0,0,25,44.642857142857146,543
E14001399,North Somerset,92428,34018.97838317393,35794,9,58,0,0,19,32.758620689655174,544
E14001065,Altrincham and Sale West,101618,33243.512945541144,35893,9,59,3,5.084745762711865,24,40.67796610169492,545
E14001512,St Neots and Mid Cambridgeshire,97474,33421.96131276032,36004,9,58,0,0,18,31.03448275862069,546
E14001586,Wimbledon,109269,33878.59013535403,36005,9,67,0,0,22,32.83582089552239,547
E14001507,St Albans,98458,33260.824366735054,36039,9,57,0,0,18,31.57894736842105,548
E14001362,Mid Derbyshire,86756,32513.415919360046,36105,9,54,0,0,20,37.03703703703704,549
E14001445,Richmond Park,110548,33644.43012989833,36183,9,67,0,0,18,26.865671641791046,550
E14001496,South West Hertfordshire,97081,32743.562077028462,36206,9,56,0,0,23,41.07142857142857,551
E14001556,Twickenham,107881,33794.49181505548,36260,9,62,0,0,22,35.483870967741936,552
E14001587,Winchester,106236,33751.01445366919,36267,9,59,0,0,23,38.983050847457626,553
E14001289,Hitchin,101167,33710.05945120444,36493,9,55,0,0,20,36.36363636363637,554
E14001220,Eastleigh,89334,33318.72270915889,36497,9,54,0,0,23,42.592592592592595,555
E14001359,Mid Bedfordshire,82809,33536.58624062602,36518,9,49,0,0,16,32.6530612244898,556
E14001490,South Northamptonshire,98505,35669.09386325567,36526,9,53,0,0,22,41.509433962264154,557
E14001080,Bath,102566,31386.872925725875,36596,9,62,2,3.225806451612903,24,38.70967741935484,558
E14001280,Henley and Thame,95964,35412.11408965862,36881,9,59,0,0,25,42.3728813559322,559
E14001360,Mid Buckinghamshire,88119,36229.86618663398,36961,9,55,0,0,23,41.81818181818181,560
E14001532,Surrey Heath,98990,34874.33840791999,37031,9,59,0,0,26,44.06779661016949,561
E14001227,Epsom and Ewell,105231,34790.723194685976,37355,9,61,0,0,30,49.18032786885246,562
E14001366,Mid Sussex,92914,35209.10993499365,37748,9,55,0,0,25,45.45454545454545,563
E14001605,York Outer,90903,36188.70364564426,38418,9,57,0,0,30,52.63157894736842,564
E14001468,Sheffield Hallam,91115,35885.854617790705,38598,10,56,0,0,30,53.57142857142857,565
E14001258,Guildford,103732,34136.09926059461,38621,10,59,0,0,31,52.54237288135594,566
E14001230,Esher and Walton,103124,35444.87437453939,38699,10,59,0,0,31,52.54237288135594,567
E14001457,Rushcliffe,99254,36128.89183307474,38714,10,58,0,0,30,51.724137931034484,568
E14001348,Maidenhead,99557,34773.52976184498,38917,10,60,0,0,31,51.66666666666667,569
E14001210,Earley and Woodley,96875,32157.698270967743,39018,10,58,3,5.172413793103448,32,55.172413793103445,570
E14001283,Hertford and Stortford,103041,35567.876233732204,39149,10,61,0,0,32,52.459016393442624,571
E14001162,Chesham and Amersham,100704,36564.46320404353,39422,10,59,0,0,34,57.6271186440678,572
E14001392,North East Hampshire,95782,37820.962179741495,39882,10,57,0,0,34,59.64912280701754,573
E14001268,Harpenden and Berkhamsted,95453,36843.91747247336,40083,10,60,0,0,36,60,574
E14001593,Wokingham,102836,37437.17587712474,40197,10,54,0,0,34,62.96296296296296,575
