year,model_run,mean_emission_Q1,mean_emission_Q5,median_emission_Q1,median_emission_Q5,p25_Q1,p25_Q5,p75_Q1,p75_Q5,abs_median,abs_p25,abs_p75,rel_median,rel_p25,rel_p75
2023-01-01,Current trends persist,3.8669145252761092,1.9209402061332106,3.1005600700455034,1.6230974655765622,2.5976808340322606,1.2457371178209156,4.144085443999399,2.3313724906406765,1.4774626044689412,1.351943716211345,1.812712953358722,1.9102734960799854,2.085256027833713,1.7775303863436154
2023-01-01,Suitability-driven uptake,3.8647960130110426,1.920900803803418,3.100300554130612,1.62209825435888,2.5957809974169805,1.246087768734581,4.141667926665361,2.331167777101408,1.478202299771732,1.3496932286823995,1.8105001495639534,1.9112902352243628,2.083144592658213,1.7766494403998425
2024-01-01,Current trends persist,3.8643055254838123,1.9180472176756316,3.0952989746799773,1.6211544891937517,2.5960864868389892,1.2429238304644832,4.141949927578581,2.328850874150304,1.4741444854862256,1.353162656374506,1.8130990534282776,1.9093177086530237,2.088693146923433,1.778538065083192
2024-01-01,Suitability-driven uptake,3.858561917299223,1.9179512763923126,3.0946147963589,1.6184528900401962,2.590925218031318,1.2439377998394243,4.13541848614512,2.3283000219924608,1.476161906318704,1.3469874181918935,1.8071184641526594,1.9120820972935713,2.0828414558716455,1.776153608677203
2025-01-01,Current trends persist,3.861611189714403,1.915068208975044,3.089872732823157,1.619146567609594,2.5944309278885633,1.2397385014734232,4.139741662142065,2.3262527151154733,1.470726165213563,1.35469242641514,1.8134889470265914,1.908334177173874,2.092724332433892,1.7795752091950041
2025-01-01,Suitability-driven uptake,3.85218458261671,1.9149358172362805,3.0887874844517933,1.614733706660434,2.5859651189090713,1.2414377278033233,4.129026301460782,2.325372585685377,1.4740537777913594,1.344527391105748,1.8036537157754053,1.9128773194683435,2.083040543229533,1.775640741134737
2026-01-01,Current trends persist,3.8593217416853656,1.9125465144599403,3.0852722234228094,1.6174446815849672,2.5930188358819564,1.2370433950158999,4.137852941601167,2.3240530582800676,1.4678275418378421,1.3559754408660565,1.8137998833210998,1.9074978319502636,2.0961421776546714,1.7804468477425448
2026-01-01,Suitability-driven uptake,3.846826472054389,1.912402519783961,3.083903866780655,1.6116121564098291,2.581796469700071,1.239342822114383,4.1236462234078965,2.322909214327477,1.472291710370826,1.342453647585688,1.8007370090804193,1.9135521251283152,2.0831979849573767,1.7752076568355102
2027-01-01,Current trends persist,3.85609099926655,1.9089928961530052,3.078784325550524,1.61504265186286,2.5910279923519823,1.2332412079105506,4.13519253072039,2.320944929388104,1.463741673687664,1.3577867844414317,1.8142476013322861,1.9063176579264463,2.1009904435012317,1.7816848984049767
2027-01-01,Suitability-driven uptake,3.8393212884130827,1.9088554932902595,3.0756004700094337,1.6072339811379677,2.5759600847905118,1.2364030467545524,4.116124982893524,2.3194692727706174,1.468366488871466,1.3395570380359594,1.7966557101229066,1.913598459280845,2.0834307158593446,1.7745977630377454
2028-01-01,Current trends persist,3.8515213453555472,1.9039896060627328,3.0675204475459026,1.6116406730328094,2.588214930354824,1.2278992792514536,4.131443638471415,2.317168982932545,1.4558797745130931,1.3603156511033705,1.8142746555388705,1.903352588994541,2.107839766737741,1.7829703698358568
2028-01-01,Suitability-driven uptake,3.8288433547786083,1.9039042172298073,3.0630862888768915,1.6011260584607785,2.567810561898365,1.2322960566091898,4.105621766283132,2.3146641667408874,1.461960230416113,1.335514505289175,1.7909575995422449,1.9130825288182176,2.083761080080061,1.7737440382394496
2029-01-01,Current trends persist,3.84493205440613,1.896813963029492,3.054631343475168,1.6067503342293796,2.5841525476752034,1.220474958728863,4.126008621378583,2.311383090196148,1.4478810092457883,1.3636775889463404,1.8146255311824349,1.9011238263972186,2.1173335259304493,1.7850821176633436
2029-01-01,Suitability-driven uptake,3.813993273347285,1.8968890417515223,3.0453824998206174,1.5924773214341394,2.556262975763148,1.2264878147965246,4.089542516297219,2.3078518595638733,1.452905178386478,1.3297751609666233,1.7816906567333457,1.9123553339384658,2.0842139195547036,1.77201257496226
2030-01-01,Current trends persist,3.835364135147353,1.8864777697325708,3.046855176077341,1.599667054825224,2.578220364895119,1.2117228206069979,4.115624900964662,2.2971713208279847,1.447188121252117,1.366497544288121,1.8184535801366777,1.9046808314810442,2.1277311288101273,1.7916055557759796
2030-01-01,Suitability-driven uptake,3.7929595794795525,1.8869599201559026,3.0203212919357623,1.580250809000827,2.5399124601529595,1.2198267274084926,4.062350930725456,2.2982123428399364,1.4400704829349353,1.3200857327444668,1.7641385878855198,1.9112923560820538,2.0821911859145548,1.767613398901838
2031-01-01,Current trends persist,3.8213467655665685,1.87151960220218,3.0401444978320407,1.589323296800389,2.5517049523283775,1.1990735264184582,4.096668923953884,2.2765910950383046,1.4508212010316517,1.3526314259099192,1.8200778289155797,1.9128546746608646,2.1280637893408647,1.799475071690446
2031-01-01,Suitability-driven uptake,3.7632006404176845,1.8729263000343708,2.9848808682034442,1.5629702321755512,2.5162796492388515,1.2117393273650745,4.023856784803759,2.284579833747342,1.421910636027893,1.304540321873777,1.739276951056417,1.9097490193710775,2.0765849489349315,1.761311522304529
2032-01-01,Current trends persist,3.800365367314826,1.8495341446207385,3.029991811187859,1.5738829390339708,2.5067323265931716,1.1803272835531633,4.068116169902884,2.2463206714228594,1.4561088721538882,1.3264050430400083,1.8217954984800242,1.9251697416884315,2.123760385379811,1.8110131031853376
2032-01-01,Suitability-driven uptake,3.7206753480826644,1.8528981693599813,2.951035248839639,1.5457301437470081,2.481510569612403,1.200221775529608,3.9688860932517125,2.264445093053153,1.405305105092631,1.281288794082795,1.7044410001985595,1.9091529402965692,2.0675433659062015,1.7526969876317293
2033-01-01,Current trends persist,3.7685449803746036,1.8171416121784907,3.0143170535152572,1.5470605672540942,2.471240474650391,1.1512886637584505,4.024404319163073,2.201644474505234,1.467256486261163,1.3199518108919404,1.8227598446578392,1.9484156711882477,2.1464994422709585,1.8279083502196511
2033-01-01,Suitability-driven uptake,3.6599925128345685,1.8243818699302443,2.9040264375309026,1.5240925561791554,2.4320182615578583,1.1844850039341153,3.8904681287621647,2.230773445004736,1.3799338813517472,1.247533257623743,1.659694683757429,1.9054134381518084,2.053228410220662,1.7439996596130833
2034-01-01,Current trends persist,3.7291862307095673,1.7789951301224338,2.9877962117914136,1.5087654446426817,2.4320304308695686,1.1201881187885974,3.9695251565863447,2.150018565980566,1.479030767148732,1.3118423120809712,1.8195065906057786,1.9802920476476105,2.171091078433892,1.846274827294782
2034-01-01,Suitability-driven uptake,3.5908306152441516,1.7919934621895124,2.8506319782101293,1.4995941244424382,2.375848909206186,1.1628517620360301,3.8010819671937623,2.193558130956006,1.351037853767691,1.2129971471701557,1.6075238362377564,1.90093568102637,2.043122766608124,1.7328384935653192
2035-01-01,Current trends persist,3.6844891189816744,1.7386100026436329,2.955470953395758,1.4719683129030572,2.3785732915332733,1.0852156640995743,3.9275574178949624,2.110892769736145,1.4835026404927008,1.293357627433699,1.8166646481588176,2.007835989055291,2.191797787499524,1.8606143685763323
2035-01-01,Suitability-driven uptake,3.5191506120937617,1.7585813386416045,2.77667338877188,1.4744282586995552,2.3216629630824936,1.1420731385058573,3.7085263114328972,2.157301903671548,1.302245130072325,1.1795898245766363,1.551224407761349,1.8832204092594538,2.032849635286809,1.7190576363564574
2036-01-01,Current trends persist,3.631732452039936,1.6950967341161798,2.892755992941887,1.429980963979311,2.325558609696016,1.0460998679392917,3.8869950728281193,2.0756807646711817,1.462775028962576,1.2794587417567242,1.8113143081569376,2.022933217860472,2.2230751393527326,1.872636264201194
2036-01-01,Suitability-driven uptake,3.4420695373721517,1.7228525306591775,2.689746624290584,1.4476432520708307,2.258818991737402,1.119994511203252,3.609046953697348,2.1186395972174807,1.2421033722197534,1.13882448053415,1.4904073564798672,1.858017588548107,2.016812555010353,1.703473756667862
2037-01-01,Current trends persist,3.5722051817797063,1.6514456923204999,2.837426742465726,1.3896387802345784,2.2823051270646486,1.0134154889649982,3.839992545655031,2.0368184869642834,1.4477879622311476,1.2688896380996504,1.8031740586907476,2.041844818109317,2.252092208888151,1.8852895190372294
2037-01-01,Suitability-driven uptake,3.363357441371313,1.686634259288872,2.6016645705511787,1.4206873476028012,2.199567674486098,1.0950022272589977,3.507588865218726,2.079160277874535,1.1809772229483775,1.1045654472271005,1.4284285873441913,1.8312717255778346,2.008733516453242,1.6870218725053907
2038-01-01,Current trends persist,3.5050313752410114,1.6083982205460412,2.7988926892107036,1.3510201270009934,2.2421862357087092,0.990469173319717,3.785318432687242,1.9937203417703382,1.4478725622097102,1.2517170623889924,1.791598090916904,2.071688373306259,2.2637617566568586,1.8986205604573616
2038-01-01,Suitability-driven uptake,3.2829511343098474,1.6499779980853402,2.512532253849858,1.3936400173756656,2.1397260312842348,1.0665737527715178,3.4040652975081533,2.0315895821550796,1.1188922364741922,1.073152278512717,1.3724757153530738,1.8028559904451904,2.0061679051487107,1.6755674115522743
2039-01-01,Current trends persist,3.42956411645197,1.5665567671569842,2.7524639974746448,1.3149576492675004,2.1907134164979447,0.9734640699486912,3.712911530262505,1.9464763108741105,1.4375063482071444,1.2172493465492535,1.7664352193883945,2.0931959284072077,2.250430687815126,1.9075040931760097
2039-01-01,Suitability-driven uptake,3.20095998862452,1.6130183544766366,2.426368313240636,1.360543241281146,2.0731857634100357,1.0395878363310018,3.3018617256345193,1.9837397844769318,1.0658250719594902,1.0335979270790339,1.3181219411575875,1.7833819900908576,1.994238188402523,1.6644631274081882
2040-01-01,Current trends persist,3.3492758114613026,1.528609592338285,2.698698281127957,1.2854836681423683,2.1144563684504343,0.9509839711407939,3.6271684192854647,1.8980526497973305,1.413214612985589,1.1634723973096404,1.7291157694881343,2.099364113297373,2.223440596915579,1.9109946289807953
2040-01-01,Suitability-driven uptake,3.1215171021736356,1.5776791713223999,2.3724571594046684,1.3279959969386694,2.0030353523818114,1.016808777671735,3.2405982487312865,1.938280215642362,1.044461162465999,0.9862265747100765,1.3023180330889246,1.7864942099778296,1.9699233487817789,1.6718935799782313
2041-01-01,Current trends persist,3.2612413844458223,1.4931572597737333,2.6196496403612124,1.2459063012354783,2.039740492239893,0.9359328969118732,3.5341344945574047,1.8488514675138243,1.373743339125734,1.1038075953280198,1.6852830270435804,2.102605659641892,2.179366169273515,1.9115297019017992
2041-01-01,Suitability-driven uptake,3.0415409167287644,1.5425796864519483,2.319298523464049,1.295940138147519,1.936971169098273,0.9942903491175935,3.179947859848716,1.8890224946389207,1.0233583853165298,0.9426808199806794,1.2909253652097954,1.7896648581155676,1.9480941063314994,1.6833827383599
2042-01-01,Current trends persist,3.166262309569242,1.4613048511243019,2.554951294956518,1.2048095726019148,1.958252899416617,0.9200125471501537,3.436710251022669,1.801230484781506,1.350141722354603,1.0382403522664634,1.635479766241163,2.1206266559111313,2.1285067312207144,1.907979173159259
2042-01-01,Suitability-driven uptake,2.9625685782635216,1.508354780287318,2.2582287595654496,1.2666100231878654,1.874182673736271,0.9766777720954243,3.1209551237547206,1.838266746300548,0.9916187363775841,0.8975049016408467,1.2826883774541726,1.7828919069200402,1.918936549272832,1.6977705384898798
2043-01-01,Current trends persist,3.0658457147459215,1.4334424122591425,2.459335190230804,1.1939959523277759,1.8690212246715934,0.9097479823758184,3.312095301141957,1.7781928788911532,1.265339237903028,0.9592732422957749,1.5339024222508038,2.059751698015528,2.0544384388637176,1.8626186959017155
2043-01-01,Suitability-driven uptake,2.886172016970275,1.4755417616989053,2.2017363256914777,1.2393305445678047,1.8156174830028673,0.9514141185547262,3.0645353504863753,1.803511760873064,0.962405781123673,0.864203364448141,1.2610235896133113,1.7765529425075983,1.908335652786964,1.6992045280607768
2044-01-01,Current trends persist,2.9631847876874806,1.4096147618714745,2.3545514356166928,1.1702266396720493,1.8009186221090907,0.9039383191454542,3.1850317387371687,1.7578457573755515,1.1843247959446435,0.8969803029636365,1.4271859813616172,2.012047372529944,1.9923025542402102,1.8118948863251765
2044-01-01,Suitability-driven uptake,2.8141262856294174,1.4447154392843617,2.159445479909418,1.207378554605643,1.76704069212086,0.9320153276543088,3.0055716603341245,1.7793580621626999,0.9520669253037748,0.8350253644665511,1.2262135981714246,1.7885405299539556,1.8959352273402397,1.689132572159781
2045-01-01,Current trends persist,2.8616242437684662,1.3911697145823878,2.2488532464570805,1.1570377473114895,1.7465438334756143,0.8990257739232272,3.0609345752122654,1.738588654585942,1.091815499145591,0.847518059552387,1.3223459206263235,1.9436299737692657,1.9427071883088873,1.7605858448105716
2045-01-01,Suitability-driven uptake,2.7485776084118894,1.4168085553171252,2.1208796385104405,1.1823187146701808,1.7240267673905234,0.911952023420458,2.9501146345970817,1.757238224205087,0.9385609238402597,0.8120747439700654,1.1928764103919947,1.7938307261778228,1.8904796777841635,1.6788359107835877
2046-01-01,Current trends persist,2.766393412055533,1.3770185735310199,2.1651550592789732,1.1465814086156814,1.7241702254366278,0.883479436295024,2.9533749035970036,1.7092829384869719,1.0185736506632919,0.8406907891416038,1.2440919651100317,1.888357026382506,1.9515680327174796,1.727844370933276
2046-01-01,Suitability-driven uptake,2.688209709313179,1.3935504611207437,2.0906904238833697,1.1629865474479475,1.6931817739891635,0.8983297681996111,2.890242528214523,1.7276335640825404,0.9277038764354222,0.7948520057895524,1.1626089641319826,1.7976909780007098,1.8848109390636762,1.6729488175632812
2047-01-01,Current trends persist,2.6913914048553584,1.367252675204847,2.0660423849306357,1.1388137969488845,1.686879087009304,0.8799628698910922,2.8673689850077566,1.695680593018296,0.9272285879817512,0.8069162171182118,1.1716883919894605,1.8142056150583938,1.9169889375196922,1.6909841374688765
2047-01-01,Suitability-driven uptake,2.644858789789313,1.376278062715983,2.066035263864758,1.147771310740509,1.6653755884106105,0.887788637931365,2.8463710304412237,1.7054103146713604,0.9182639531242489,0.7775869504792455,1.1409607157698634,1.8000408657468634,1.8758694550215238,1.669024167353961
2048-01-01,Current trends persist,2.6506382429844964,1.3614145095300683,2.0361201565845484,1.1340651665589714,1.6538967907050757,0.8773803522875732,2.8355307534774816,1.6880455934915226,0.902054990025577,0.7765164384175025,1.147485159985959,1.7954172446391512,1.8850396938943406,1.6797714258490624
2048-01-01,Suitability-driven uptake,2.6213215843240687,1.3664101059769767,2.047656818619266,1.1389688010010408,1.6486167184956426,0.8817251597601415,2.82146058829047,1.6950439700448614,0.9086880176182253,0.7668915587355011,1.1264166182456088,1.797816425541752,1.8697625901296964,1.6645353384052903
2049-01-01,Current trends persist,2.6257324890322824,1.3567258925397911,2.028098755578814,1.130032956761403,1.6416457994596745,0.8747135607929074,2.8157346467122615,1.6842679124164557,0.8980657988174112,0.7669322386667671,1.1314667342958058,1.7947253161458285,1.8767810092844117,1.6717854837431807
2049-01-01,Suitability-driven uptake,2.6063830802453936,1.3601046094342604,2.0358606406696573,1.1333187662836426,1.6363261265134754,0.8778355675500223,2.8055906970364357,1.6885649645999643,0.9025418743860147,0.7584905589634531,1.1170257324364714,1.7963707133745017,1.864046282700013,1.6615236937011213
2050-01-01,Current trends persist,2.6076714778300807,1.3521833090619086,2.0201717239966768,1.1261332852389234,1.6320163830881633,0.8722203010839864,2.800406354487343,1.6782270139461826,0.8940384387577534,0.7597960820041769,1.1221793405411606,1.7939010865557283,1.8711057069640664,1.6686695728383423
2050-01-01,Suitability-driven uptake,2.5926722702037024,1.3542335845473157,2.0248666028206213,1.1280137882369698,1.6244888480037352,0.8741998392307859,2.790853767483032,1.682503606731438,0.8968528145836514,0.7502890087729492,1.108350160751594,1.7950725637719271,1.8582580036083436,1.6587505407520409
