year,model_run,new_ranking_quintile_deprivation,mean_emission,median_emission,p25,p75,sd,n,se,baseline_median,baseline_p25,baseline_p75,pct_median,pct_p25,pct_p75,deprivation
2023-01-01,Current trends persist,1,3.8669145252761092,3.1005600700455034,2.5976808340322606,4.144085443999399,2.567143326900029,107,0.2481751126724338,3.089872732823157,2.5944309278885633,4.139741662142065,0.34588276432283893,0.12526470097017114,0.10492881469048795,Q1 (most deprived)
2023-01-01,Current trends persist,5,1.9209402061332106,1.6230974655765622,1.2457371178209156,2.3313724906406765,0.9607072611784868,122,0.086978348619259,1.619146567609594,1.2397385014734232,2.3262527151154733,0.24401113808993175,0.4838614224179533,0.2200868156729533,Q5 (least deprived)
2023-01-01,Suitability-driven uptake,1,3.8647960130110426,3.100300554130612,2.5957809974169805,4.141667926665361,2.566011766271015,107,0.24806572057747028,3.0887874844517933,2.5859651189090713,4.129026301460782,0.3727375138876533,0.37958278849678345,0.3061648021013264,Q1 (most deprived)
2023-01-01,Suitability-driven uptake,5,1.920900803803418,1.62209825435888,1.246087768734581,2.331167777101408,0.9602142301252977,122,0.0869337116850364,1.614733706660434,1.2414377278033233,2.325372585685377,0.45608434803019726,0.3745690039149873,0.24921560749900018,Q5 (least deprived)
2024-01-01,Current trends persist,1,3.8643055254838123,3.0952989746799773,2.5960864868389892,4.141949927578581,2.5665317971678236,107,0.24811599386180788,3.089872732823157,2.5944309278885633,4.139741662142065,0.17561376555022146,0.06381202646906682,0.053343073475123834,Q1 (most deprived)
2024-01-01,Current trends persist,5,1.9180472176756316,1.6211544891937517,1.2429238304644832,2.328850874150304,0.9602481895089554,122,0.086936786223171,1.619146567609594,1.2397385014734232,2.3262527151154733,0.12401110710577085,0.2569355543345791,0.11168859762949468,Q5 (least deprived)
2024-01-01,Suitability-driven uptake,1,3.858561917299223,3.0946147963589,2.590925218031318,4.13541848614512,2.563465790165371,107,0.2478195917773138,3.0887874844517933,2.5859651189090713,4.129026301460782,0.18866017608657476,0.1918084310564475,0.15481094615639884,Q1 (most deprived)
2024-01-01,Suitability-driven uptake,5,1.9179512763923126,1.6184528900401962,1.2439377998394243,2.3283000219924608,0.9589116148771913,122,0.08681577844174272,1.614733706660434,1.2414377278033233,2.325372585685377,0.2303279707620798,0.20138521490923375,0.12589106473107797,Q5 (least deprived)
2025-01-01,Current trends persist,1,3.861611189714403,3.089872732823157,2.5944309278885633,4.139741662142065,2.565899137683195,107,0.24805483236091475,3.089872732823157,2.5944309278885633,4.139741662142065,0,0,0,Q1 (most deprived)
2025-01-01,Current trends persist,5,1.915068208975044,1.619146567609594,1.2397385014734232,2.3262527151154733,0.9597714397420551,122,0.08689362332734908,1.619146567609594,1.2397385014734232,2.3262527151154733,0,0,0,Q5 (least deprived)
2025-01-01,Suitability-driven uptake,1,3.85218458261671,3.0887874844517933,2.5859651189090713,4.129026301460782,2.5608563724521516,107,0.2475673298454607,3.0887874844517933,2.5859651189090713,4.129026301460782,0,0,0,Q1 (most deprived)
2025-01-01,Suitability-driven uptake,5,1.9149358172362805,1.614733706660434,1.2414377278033233,2.325372585685377,0.9575789485587838,122,0.08669512450237996,1.614733706660434,1.2414377278033233,2.325372585685377,0,0,0,Q5 (least deprived)
2026-01-01,Current trends persist,1,3.8593217416853656,3.0852722234228094,2.5930188358819564,4.137852941601167,2.5653606017332087,107,0.2480027701255633,3.089872732823157,2.5944309278885633,4.139741662142065,-0.14888993166214398,-0.05442781272100304,-0.04562411606911683,Q1 (most deprived)
2026-01-01,Current trends persist,5,1.9125465144599403,1.6174446815849672,1.2370433950158999,2.3240530582800676,0.9593619258848385,122,0.08685654768477122,1.619146567609594,1.2397385014734232,2.3262527151154733,-0.10511006592437695,-0.21739314011142138,-0.09455794811598937,Q5 (least deprived)
2026-01-01,Suitability-driven uptake,1,3.846826472054389,3.083903866780655,2.581796469700071,4.1236462234078965,2.558663219074772,107,0.24735530970586203,3.0887874844517933,2.5859651189090713,4.129026301460782,-0.15810792084988537,-0.16120283984181866,-0.13029895331454455,Q1 (most deprived)
2026-01-01,Suitability-driven uptake,5,1.912402519783961,1.6116121564098291,1.239342822114383,2.322909214327477,0.9564595771940148,122,0.08659378138077196,1.614733706660434,1.2414377278033233,2.325372585685377,-0.1933167207527195,-0.16874835056343787,-0.10593448005122998,Q5 (least deprived)
2027-01-01,Current trends persist,1,3.85609099926655,3.078784325550524,2.5910279923519823,4.13519253072039,2.5645979979298477,107,0.2479290464332239,3.089872732823157,2.5944309278885633,4.139741662142065,-0.3588629122113284,-0.13116308088997472,-0.10988925862877266,Q1 (most deprived)
2027-01-01,Current trends persist,5,1.9089928961530052,1.61504265186286,1.2332412079105506,2.320944929388104,0.9587802905849466,122,0.08680388889897085,1.619146567609594,1.2397385014734232,2.3262527151154733,-0.2534616586806424,-0.5240858096405533,-0.22816892132485464,Q5 (least deprived)
2027-01-01,Suitability-driven uptake,1,3.8393212884130827,3.0756004700094337,2.5759600847905118,4.116124982893524,2.555587441912167,107,0.24705796310433567,3.0887874844517933,2.5859651189090713,4.129026301460782,-0.4269317493916245,-0.3868974892739601,-0.31245425980197566,Q1 (most deprived)
2027-01-01,Suitability-driven uptake,5,1.9088554932902595,1.6072339811379677,1.2364030467545524,2.3194692727706174,0.954892832805008,122,0.0864519350086553,1.614733706660434,1.2414377278033233,2.325372585685377,-0.4644558722922221,-0.4055524442357325,-0.2538652494270932,Q5 (least deprived)
2028-01-01,Current trends persist,1,3.8515213453555472,3.0675204475459026,2.588214930354824,4.131443638471415,2.563512474076211,107,0.24782410488131987,3.089872732823157,2.5944309278885633,4.139741662142065,-0.7234047227838916,-0.23959001825491033,-0.2004478624000811,Q1 (most deprived)
2028-01-01,Current trends persist,5,1.9039896060627328,1.6116406730328094,1.2278992792514536,2.317168982932545,0.9579531908362174,122,0.08672900680616807,1.619146567609594,1.2397385014734232,2.3262527151154733,-0.46357103964131874,-0.9549773769144694,-0.3904877627398084,Q5 (least deprived)
2028-01-01,Suitability-driven uptake,1,3.8288433547786083,3.0630862888768915,2.567810561898365,4.105621766283132,2.5512855980228966,107,0.2466420881585421,3.0887874844517933,2.5859651189090713,4.129026301460782,-0.8320804103317364,-0.7020418364484834,-0.5668294040502918,Q1 (most deprived)
2028-01-01,Suitability-driven uptake,5,1.9039042172298073,1.6011260584607785,1.2322960566091898,2.3146641667408874,0.9527046397056075,122,0.086253825313916,1.614733706660434,1.2414377278033233,2.325372585685377,-0.8427177895356224,-0.7363777489112795,-0.4605033623604581,Q5 (least deprived)
2029-01-01,Current trends persist,1,3.84493205440613,3.054631343475168,2.5841525476752034,4.126008621378583,2.5619481123220473,107,0.24767287232233812,3.089872732823157,2.5944309278885633,4.139741662142065,-1.1405450125380945,-0.39617089446759,-0.33173666098709365,Q1 (most deprived)
2029-01-01,Current trends persist,5,1.896813963029492,1.6067503342293796,1.220474958728863,2.311383090196148,0.9567450687080254,122,0.08661962856798174,1.619146567609594,1.2397385014734232,2.3262527151154733,-0.765602918734859,-1.5538391944483119,-0.6392093525654232,Q5 (least deprived)
2029-01-01,Suitability-driven uptake,1,3.813993273347285,3.0453824998206174,2.556262975763148,4.089542516297219,2.5451856968807114,107,0.24605238845716992,3.0887874844517933,2.5859651189090713,4.129026301460782,-1.4052434765961104,-1.1485902469733913,-0.9562493014296007,Q1 (most deprived)
2029-01-01,Suitability-driven uptake,5,1.8968890417515223,1.5924773214341394,1.2264878147965246,2.3078518595638733,0.9496025820373143,122,0.08597297820865016,1.614733706660434,1.2414377278033233,2.325372585685377,-1.3783316180551386,-1.2042418779435686,-0.7534588749071168,Q5 (least deprived)
2030-01-01,Current trends persist,1,3.835364135147353,3.046855176077341,2.578220364895119,4.115624900964662,2.559661903981786,107,0.24745185621992902,3.089872732823157,2.5944309278885633,4.139741662142065,-1.3922112807057807,-0.6248215290370854,-0.5825668156530156,Q1 (most deprived)
2030-01-01,Current trends persist,5,1.8864777697325708,1.599667054825224,1.2117228206069979,2.2971713208279847,0.9549625063819206,122,0.08645824295792054,1.619146567609594,1.2397385014734232,2.3262527151154733,-1.2030728517139868,-2.259805663301483,-1.2501390798396121,Q5 (least deprived)
2030-01-01,Suitability-driven uptake,1,3.7929595794795525,3.0203212919357623,2.5399124601529595,4.062350930725456,2.5365286716908058,107,0.245215482243403,3.0887874844517933,2.5859651189090713,4.129026301460782,-2.216604180788521,-1.7808692939965052,-1.6147964645257256,Q1 (most deprived)
2030-01-01,Suitability-driven uptake,5,1.8869599201559026,1.580250809000827,1.2198267274084926,2.2982123428399364,0.9452115324819301,122,0.08557543126124378,1.614733706660434,1.2414377278033233,2.325372585685377,-2.135516061711746,-1.7408042232670424,-1.167995314498615,Q5 (least deprived)
2031-01-01,Current trends persist,1,3.8213467655665685,3.0401444978320407,2.5517049523283775,4.096668923953884,2.5562760454022126,107,0.24712453291636682,3.089872732823157,2.5944309278885633,4.139741662142065,-1.609394279021991,-1.646834190145803,-1.040469229809206,Q1 (most deprived)
2031-01-01,Current trends persist,5,1.87151960220218,1.589323296800389,1.1990735264184582,2.2765910950383046,0.9522873689277366,122,0.0862160473927397,1.619146567609594,1.2397385014734232,2.3262527151154733,-1.8419129809374941,-3.280125204358411,-2.1348334062966807,Q5 (least deprived)
2031-01-01,Suitability-driven uptake,1,3.7632006404176845,2.9848808682034442,2.5162796492388515,4.023856784803759,2.5242541934507545,107,0.24402886364353754,3.0887874844517933,2.5859651189090713,4.129026301460782,-3.3639936956294263,-2.6947567529301284,-2.5470779059899846,Q1 (most deprived)
2031-01-01,Suitability-driven uptake,5,1.8729263000343708,1.5629702321755512,1.2117393273650745,2.284579833747342,0.9390017081314048,122,0.08501322018087597,1.614733706660434,1.2414377278033233,2.325372585685377,-3.205697278218035,-2.3922585702948607,-1.75424584383373,Q5 (least deprived)
2032-01-01,Current trends persist,1,3.800365367314826,3.029991811187859,2.5067323265931716,4.068116169902884,2.5511329035606813,107,0.24662732662771222,3.089872732823157,2.5944309278885633,4.139741662142065,-1.9379737229690355,-3.380263484862319,-1.7301923183805432,Q1 (most deprived)
2032-01-01,Current trends persist,5,1.8495341446207385,1.5738829390339708,1.1803272835531633,2.2463206714228594,0.9481318411265136,122,0.08583982358305556,1.619146567609594,1.2397385014734232,2.3262527151154733,-2.7955238568950267,-4.792237867070353,-3.436085992430367,Q5 (least deprived)
2032-01-01,Suitability-driven uptake,1,3.7206753480826644,2.951035248839639,2.481510569612403,3.9688860932517125,2.5066368620291577,107,0.24232573193105073,3.0887874844517933,2.5859651189090713,4.129026301460782,-4.459751158199308,-4.039286861716601,-3.878401262603116,Q1 (most deprived)
2032-01-01,Suitability-driven uptake,5,1.8528981693599813,1.5457301437470081,1.200221775529608,2.264445093053153,0.9301301492161174,122,0.08421002697592027,1.614733706660434,1.2414377278033233,2.325372585685377,-4.273371059810094,-3.3200176980802145,-2.620117438697084,Q5 (least deprived)
2033-01-01,Current trends persist,1,3.7685449803746036,3.0143170535152572,2.471240474650391,4.024404319163073,2.5431379576041926,107,0.24585442602930366,3.089872732823157,2.5944309278885633,4.139741662142065,-2.445268327892132,-4.748264905184008,-2.7861000128039675,Q1 (most deprived)
2033-01-01,Current trends persist,5,1.8171416121784907,1.5470605672540942,1.1512886637584505,2.201644474505234,0.9414566463249427,122,0.0852354798417162,1.619146567609594,1.2397385014734232,2.3262527151154733,-4.452098518908202,-7.134556005952103,-5.356608067582789,Q5 (least deprived)
2033-01-01,Suitability-driven uptake,1,3.6599925128345685,2.9040264375309026,2.4320182615578583,3.8904681287621647,2.4813471030254335,107,0.2398808786482436,3.0887874844517933,2.5859651189090713,4.129026301460782,-5.981669112910259,-5.9531683635453625,-5.77758907988112,Q1 (most deprived)
2033-01-01,Suitability-driven uptake,5,1.8243818699302443,1.5240925561791554,1.1844850039341153,2.230773445004736,0.9174822244756747,122,0.08306493767365467,1.614733706660434,1.2414377278033233,2.325372585685377,-5.6133807145663095,-4.58764242407742,-4.068128319004802,Q5 (least deprived)
2034-01-01,Current trends persist,1,3.7291862307095673,2.9877962117914136,2.4320304308695686,3.9695251565863447,2.5327823416616755,107,0.24485331084948622,3.089872732823157,2.5944309278885633,4.139741662142065,-3.303583346569683,-6.259580676181725,-4.111766372098765,Q1 (most deprived)
2034-01-01,Current trends persist,5,1.7789951301224338,1.5087654446426817,1.1201881187885974,2.150018565980566,0.9324006759785971,122,0.08441559081027088,1.619146567609594,1.2397385014734232,2.3262527151154733,-6.817240957368795,-9.64319350756154,-7.575881502030142,Q5 (least deprived)
2034-01-01,Suitability-driven uptake,1,3.5908306152441516,2.8506319782101293,2.375848909206186,3.8010819671937623,2.452219798329606,107,0.23706503582054284,3.0887874844517933,2.5859651189090713,4.129026301460782,-7.710323466424319,-8.125253050262572,-7.942413303373691,Q1 (most deprived)
2034-01-01,Suitability-driven uptake,5,1.7919934621895124,1.4995941244424382,1.1628517620360301,2.193558130956006,0.9030699391501817,122,0.08176011066953351,1.614733706660434,1.2414377278033233,2.325372585685377,-7.130561636452459,-6.330238239685854,-5.668530520261558,Q5 (least deprived)
2035-01-01,Current trends persist,1,3.6844891189816744,2.955470953395758,2.3785732915332733,3.9275574178949624,2.52030188564521,107,0.24364677962638157,3.089872732823157,2.5944309278885633,4.139741662142065,-4.349751302041452,-8.320037894821208,-5.1255431271841685,Q1 (most deprived)
2035-01-01,Current trends persist,5,1.7386100026436329,1.4719683129030572,1.0852156640995743,2.110892769736145,0.9209569077514922,122,0.08337952071629226,1.619146567609594,1.2397385014734232,2.3262527151154733,-9.089866084441107,-12.464147656154854,-9.257805223824883,Q5 (least deprived)
2035-01-01,Suitability-driven uptake,1,3.5191506120937617,2.77667338877188,2.3216629630824936,3.7085263114328972,2.4215853243726158,107,0.2341034894408487,3.0887874844517933,2.5859651189090713,4.129026301460782,-10.10474489588616,-10.220638859122646,-10.183998825076966,Q1 (most deprived)
2035-01-01,Suitability-driven uptake,5,1.7585813386416045,1.4744282586995552,1.1420731385058573,2.157301903671548,0.8881278864273704,122,0.08040732077886714,1.614733706660434,1.2414377278033233,2.325372585685377,-8.689076556843307,-8.003993037434732,-7.227688287392955,Q5 (least deprived)
2036-01-01,Current trends persist,1,3.631732452039936,2.892755992941887,2.325558609696016,3.8869950728281193,2.5047245968472267,107,0.2421408662782403,3.089872732823157,2.5944309278885633,4.139741662142065,-6.37944526929328,-10.363440988246502,-6.105371057940952,Q1 (most deprived)
2036-01-01,Current trends persist,5,1.6950967341161798,1.429980963979311,1.0460998679392917,2.0756807646711817,0.906119294823737,122,0.08203618636038783,1.619146567609594,1.2397385014734232,2.3262527151154733,-11.683043858688784,-15.619312726352613,-10.771484491608788,Q5 (least deprived)
2036-01-01,Suitability-driven uptake,1,3.4420695373721517,2.689746624290584,2.258818991737402,3.609046953697348,2.388050002962236,107,0.23086150755291984,3.0887874844517933,2.5859651189090713,4.129026301460782,-12.919013113394303,-12.650832943550325,-12.593267995882565,Q1 (most deprived)
2036-01-01,Suitability-driven uptake,5,1.7228525306591775,1.4476432520708307,1.119994511203252,2.1186395972174807,0.8720467189622231,122,0.07895140028517536,1.614733706660434,1.2414377278033233,2.325372585685377,-10.347864412589555,-9.782465433442265,-8.890316749260375,Q5 (least deprived)
2037-01-01,Current trends persist,1,3.5722051817797063,2.837426742465726,2.2823051270646486,3.839992545655031,2.4861449183098094,107,0.2403447009585543,3.089872732823157,2.5944309278885633,4.139741662142065,-8.170109651305152,-12.030607462652066,-7.240768650571583,Q1 (most deprived)
2037-01-01,Current trends persist,5,1.6514456923204999,1.3896387802345784,1.0134154889649982,2.0368184869642834,0.888217319855706,122,0.08041541770102265,1.619146567609594,1.2397385014734232,2.3262527151154733,-14.174614699263847,-18.255705718539936,-12.442080186323292,Q5 (least deprived)
2037-01-01,Suitability-driven uptake,1,3.363357441371313,2.6016645705511787,2.199567674486098,3.507588865218726,2.3529747725680545,107,0.22747065704454597,3.0887874844517933,2.5859651189090713,4.129026301460782,-15.770684009588653,-14.94209808158514,-15.050459621005603,Q1 (most deprived)
2037-01-01,Suitability-driven uptake,5,1.686634259288872,1.4206873476028012,1.0950022272589977,2.079160277874535,0.8555922211307122,122,0.07746168004824451,1.614733706660434,1.2414377278033233,2.325372585685377,-12.017235923002822,-11.795638014275406,-10.588079920030268,Q5 (least deprived)
2038-01-01,Current trends persist,1,3.5050313752410114,2.7988926892107036,2.2421862357087092,3.785318432687242,2.4639127639592626,107,0.2381954374744774,3.089872732823157,2.5944309278885633,4.139741662142065,-9.417217755327762,-13.576953943673608,-8.561481811679764,Q1 (most deprived)
2038-01-01,Current trends persist,5,1.6083982205460412,1.3510201270009934,0.990469173319717,1.9937203417703382,0.8674629005902822,122,0.07853640086914829,1.619146567609594,1.2397385014734232,2.3262527151154733,-16.559738690268514,-20.106605373427612,-14.294765619591269,Q5 (least deprived)
2038-01-01,Suitability-driven uptake,1,3.2829511343098474,2.512532253849858,2.1397260312842348,3.4040652975081533,2.3160528441128623,107,0.22390127949618918,3.0887874844517933,2.5859651189090713,4.129026301460782,-18.65635734095222,-17.256191290510884,-17.557674643441953,Q1 (most deprived)
2038-01-01,Suitability-driven uptake,5,1.6499779980853402,1.3936400173756656,1.0665737527715178,2.0315895821550796,0.8387384204498648,122,0.07593580862995208,1.614733706660434,1.2414377278033233,2.325372585685377,-13.692269404720037,-14.085601807931248,-12.63380351771491,Q5 (least deprived)
2039-01-01,Current trends persist,1,3.42956411645197,2.7524639974746448,2.1907134164979447,3.712911530262505,2.4370801037298078,107,0.23560142630027958,3.089872732823157,2.5944309278885633,4.139741662142065,-10.919826301073195,-15.56092733288443,-10.310549950083137,Q1 (most deprived)
2039-01-01,Current trends persist,5,1.5665567671569842,1.3149576492675004,0.9734640699486912,1.9464763108741105,0.8444036740358056,122,0.0764487165898753,1.619146567609594,1.2397385014734232,2.3262527151154733,-18.786990901705643,-21.478273943115116,-16.32567269126265,Q5 (least deprived)
2039-01-01,Suitability-driven uptake,1,3.20095998862452,2.426368313240636,2.0731857634100357,3.3018617256345193,2.2769898348719675,107,0.2201249158556791,3.0887874844517933,2.5859651189090713,4.129026301460782,-21.445929010837244,-19.82932220351678,-20.032920970583927,Q1 (most deprived)
2039-01-01,Suitability-driven uptake,5,1.6130183544766366,1.360543241281146,1.0395878363310018,1.9837397844769318,0.8214959924231731,122,0.07437475254497113,1.614733706660434,1.2414377278033233,2.325372585685377,-15.74194335145208,-16.25936500491951,-14.691529577302243,Q5 (least deprived)
2040-01-01,Current trends persist,1,3.3492758114613026,2.698698281127957,2.1144563684504343,3.6271684192854647,2.406325139165511,107,0.23262823165391838,3.089872732823157,2.5944309278885633,4.139741662142065,-12.659888788940227,-18.500186467818157,-12.381768832197476,Q1 (most deprived)
2040-01-01,Current trends persist,5,1.528609592338285,1.2854836681423683,0.9509839711407939,1.8980526497973305,0.8209425174898913,122,0.07432464327897062,1.619146567609594,1.2397385014734232,2.3262527151154733,-20.607331426445512,-23.29156753536701,-18.407289222524874,Q5 (least deprived)
2040-01-01,Suitability-driven uptake,1,3.1215171021736356,2.3724571594046684,2.0030353523818114,3.2405982487312865,2.237483941745374,107,0.21630573701389746,3.0887874844517933,2.5859651189090713,4.129026301460782,-23.191311433789405,-22.54205836980422,-21.51664794228083,Q1 (most deprived)
2040-01-01,Suitability-driven uptake,5,1.5776791713223999,1.3279959969386694,1.016808777671735,1.938280215642362,0.8047368837260382,122,0.07285745413606835,1.614733706660434,1.2414377278033233,2.325372585685377,-17.757584952802574,-18.094258382904208,-16.646466567374787,Q5 (least deprived)
2041-01-01,Current trends persist,1,3.2612413844458223,2.6196496403612124,2.039740492239893,3.5341344945574047,2.370052681963453,107,0.22912164086146072,3.089872732823157,2.5944309278885633,4.139741662142065,-15.218202596723485,-21.380042524396533,-14.629105316472696,Q1 (most deprived)
2041-01-01,Current trends persist,5,1.4931572597737333,1.2459063012354783,0.9359328969118732,1.8488514675138243,0.7969825304796482,122,0.07215540797982921,1.619146567609594,1.2397385014734232,2.3262527151154733,-23.0516664668069,-24.505619870680675,-20.522329517322074,Q5 (least deprived)
2041-01-01,Suitability-driven uptake,1,3.0415409167287644,2.319298523464049,1.936971169098273,3.179947859848716,2.1960238940386825,107,0.21229764291833422,3.0887874844517933,2.5859651189090713,4.129026301460782,-24.91233096680057,-25.09677895750529,-22.985526667057016,Q1 (most deprived)
2041-01-01,Suitability-driven uptake,5,1.5425796864519483,1.295940138147519,0.9942903491175935,1.8890224946389207,0.787867609012039,122,0.07133018176464025,1.614733706660434,1.2414377278033233,2.325372585685377,-19.742795186473103,-19.908157545932458,-18.764738766275897,Q5 (least deprived)
2042-01-01,Current trends persist,1,3.166262309569242,2.554951294956518,1.958252899416617,3.436710251022669,2.3278942875337814,107,0.2250460350399864,3.089872732823157,2.5944309278885633,4.139741662142065,-17.312086422986482,-24.5209082898842,-16.982494766487907,Q1 (most deprived)
2042-01-01,Current trends persist,5,1.4613048511243019,1.2048095726019148,0.9200125471501537,1.801230484781506,0.7734896282781665,122,0.07002846055231414,1.619146567609594,1.2397385014734232,2.3262527151154733,-25.58983870245794,-25.789789858367456,-22.569440840304647,Q5 (least deprived)
2042-01-01,Suitability-driven uptake,1,2.9625685782635216,2.2582287595654496,1.874182673736271,3.1209551237547206,2.153574057728111,107,0.20819386234678972,3.0887874844517933,2.5859651189090713,4.129026301460782,-26.88947456136671,-27.52482777003104,-24.414259055444195,Q1 (most deprived)
2042-01-01,Suitability-driven uptake,5,1.508354780287318,1.2666100231878654,0.9766777720954243,1.838266746300548,0.7712729465534487,122,0.06982777161862799,1.614733706660434,1.2414377278033233,2.325372585685377,-21.559200878549333,-21.326881709675575,-20.94743192481819,Q5 (least deprived)
2043-01-01,Current trends persist,1,3.0658457147459215,2.459335190230804,1.8690212246715934,3.312095301141957,2.279710939637892,107,0.22038797498245263,3.089872732823157,2.5944309278885633,4.139741662142065,-20.406586196715075,-27.960262708066512,-19.9927055489702,Q1 (most deprived)
2043-01-01,Current trends persist,5,1.4334424122591425,1.1939959523277759,0.9097479823758184,1.7781928788911532,0.7516237337730977,122,0.06804881548041072,1.619146567609594,1.2397385014734232,2.3262527151154733,-26.25769796180241,-26.6177519457057,-23.559772017165162,Q5 (least deprived)
2043-01-01,Suitability-driven uptake,1,2.886172016970275,2.2017363256914777,1.8156174830028673,3.0645353504863753,2.1115908058969275,107,0.2041351881993899,3.0887874844517933,2.5859651189090713,4.129026301460782,-28.71842634773405,-29.78956020223455,-25.780677410502506,Q1 (most deprived)
2043-01-01,Suitability-driven uptake,5,1.4755417616989053,1.2393305445678047,0.9514141185547262,1.803511760873064,0.7553418377286656,122,0.06838543679589171,1.614733706660434,1.2414377278033233,2.325372585685377,-23.24861124432907,-23.36191359044507,-22.442030495448556,Q5 (least deprived)
2044-01-01,Current trends persist,1,2.9631847876874806,2.3545514356166928,1.8009186221090907,3.1850317387371687,2.225665974464173,107,0.215163250994189,3.089872732823157,2.5944309278885633,4.139741662142065,-23.79778588921413,-30.585216096897984,-23.062065252421853,Q1 (most deprived)
2044-01-01,Current trends persist,5,1.4096147618714745,1.1702266396720493,0.9039383191454542,1.7578457573755515,0.7323434102961441,122,0.06630325701048366,1.619146567609594,1.2397385014734232,2.3262527151154733,-27.725712848856034,-27.08637199932664,-24.434445752455854,Q5 (least deprived)
2044-01-01,Suitability-driven uptake,1,2.8141262856294174,2.159445479909418,1.76704069212086,3.0055716603341245,2.0718897004575605,107,0.20029713747102135,3.0887874844517933,2.5859651189090713,4.129026301460782,-30.08759939686552,-31.66803839696365,-27.20870634147324,Q1 (most deprived)
2044-01-01,Suitability-driven uptake,5,1.4447154392843617,1.207378554605643,0.9320153276543088,1.7793580621626999,0.7404727469675065,122,0.06703925257085626,1.614733706660434,1.2414377278033233,2.325372585685377,-25.227388910910655,-24.924520434587212,-23.480732803158315,Q5 (least deprived)
2045-01-01,Current trends persist,1,2.8616242437684662,2.2488532464570805,1.7465438334756143,3.0609345752122654,2.1654332961161167,107,0.20934033819498732,3.089872732823157,2.5944309278885633,4.139741662142065,-27.218580151605572,-32.68104327999931,-26.059768337611246,Q1 (most deprived)
2045-01-01,Current trends persist,5,1.3911697145823878,1.1570377473114895,0.8990257739232272,1.738588654585942,0.7178716862869438,122,0.06499304868078927,1.619146567609594,1.2397385014734232,2.3262527151154733,-28.54027112445619,-27.482628566045225,-25.262262208702467,Q5 (least deprived)
2045-01-01,Suitability-driven uptake,1,2.7485776084118894,2.1208796385104405,1.7240267673905234,2.9501146345970817,2.036260410882883,107,0.19685272403995982,3.0887874844517933,2.5859651189090713,4.129026301460782,-31.336174819846498,-33.331398989719155,-28.55180812112097,Q1 (most deprived)
2045-01-01,Suitability-driven uptake,5,1.4168085553171252,1.1823187146701808,0.911952023420458,1.757238224205087,0.7269474296869965,122,0.06581472788040352,1.614733706660434,1.2414377278033233,2.325372585685377,-26.77933768315067,-26.540655000543417,-24.431971245280625,Q5 (least deprived)
2046-01-01,Current trends persist,1,2.766393412055533,2.1651550592789732,1.7241702254366278,2.9533749035970036,2.099942072682591,107,0.20300906265444416,3.089872732823157,2.5944309278885633,4.139741662142065,-29.927370914700656,-33.54341382139564,-28.65799016867126,Q1 (most deprived)
2046-01-01,Current trends persist,5,1.3770185735310199,1.1465814086156814,0.883479436295024,1.7092829384869719,0.7079999968691685,122,0.06409930791465095,1.619146567609594,1.2397385014734232,2.3262527151154733,-29.18606434077046,-28.73662992276089,-26.522044342799422,Q5 (least deprived)
2046-01-01,Suitability-driven uptake,1,2.688209709313179,2.0906904238833697,1.6931817739891635,2.890242528214523,1.9938181447382366,107,0.19274967530397813,3.0887874844517933,2.5859651189090713,4.129026301460782,-32.31355558103631,-34.52418357818152,-30.001837789408064,Q1 (most deprived)
2046-01-01,Suitability-driven uptake,5,1.3935504611207437,1.1629865474479475,0.8983297681996111,1.7276335640825404,0.7137043314207365,122,0.06461575409895327,1.614733706660434,1.2414377278033233,2.325372585685377,-27.976573310455173,-27.637951700632513,-25.705085941170143,Q5 (least deprived)
2047-01-01,Current trends persist,1,2.6913914048553584,2.0660423849306357,1.686879087009304,2.8673689850077566,2.038504093534128,107,0.1970696290288396,3.089872732823157,2.5944309278885633,4.139741662142065,-33.13503294218423,-34.980767116350094,-30.735557456885665,Q1 (most deprived)
2047-01-01,Current trends persist,5,1.367252675204847,1.1388137969488845,0.8799628698910922,1.695680593018296,0.7019441334718544,122,0.06355103580404353,1.619146567609594,1.2397385014734232,2.3262527151154733,-29.665799271639905,-29.020283806201018,-27.106776404810173,Q5 (least deprived)
2047-01-01,Suitability-driven uptake,1,2.644858789789313,2.066035263864758,1.6653755884106105,2.8463710304412237,1.9645471452830519,107,0.18991994097956186,3.0887874844517933,2.5859651189090713,4.129026301460782,-33.111770419147376,-35.59945661165088,-31.064352158904292,Q1 (most deprived)
2047-01-01,Suitability-driven uptake,5,1.376278062715983,1.147771310740509,0.887788637931365,1.7054103146713604,0.7051146107594244,122,0.06383807733058455,1.614733706660434,1.2414377278033233,2.325372585685377,-28.918848599852975,-28.48705834788241,-26.66077147509201,Q5 (least deprived)
2048-01-01,Current trends persist,1,2.6506382429844964,2.0361201565845484,1.6538967907050757,2.8355307534774816,1.9998251344681086,107,0.19333039292009713,3.089872732823157,2.5944309278885633,4.139741662142065,-34.10342973174223,-36.25203997814375,-31.504644857228435,Q1 (most deprived)
2048-01-01,Current trends persist,5,1.3614145095300683,1.1340651665589714,0.8773803522875732,1.6880455934915226,0.6986111083405447,122,0.06324927788720196,1.619146567609594,1.2397385014734232,2.3262527151154733,-29.9590791071352,-29.228595284827335,-27.43498664083324,Q5 (least deprived)
2048-01-01,Suitability-driven uptake,1,2.6213215843240687,2.047656818619266,1.6486167184956426,2.82146058829047,1.95139218775515,107,0.18864820323415502,3.0887874844517933,2.5859651189090713,4.129026301460782,-33.706775589882,-36.24752683473408,-31.667652800073387,Q1 (most deprived)
2048-01-01,Suitability-driven uptake,5,1.3664101059769767,1.1389688010010408,0.8817251597601415,1.6950439700448614,0.7003511329671247,122,0.06340681231490172,1.614733706660434,1.2414377278033233,2.325372585685377,-29.463985528819016,-28.97548221606567,-27.10656432094874,Q5 (least deprived)
2049-01-01,Current trends persist,1,2.6257324890322824,2.028098755578814,1.6416457994596745,2.8157346467122615,1.9751988166109646,107,0.19094967691376333,3.089872732823157,2.5944309278885633,4.139741662142065,-34.36303268951212,-36.72424338559277,-31.982841526993017,Q1 (most deprived)
2049-01-01,Current trends persist,5,1.3567258925397911,1.130032956761403,0.8747135607929074,1.6842679124164557,0.6961882826667369,122,0.0630299255572928,1.619146567609594,1.2397385014734232,2.3262527151154733,-30.208112139612386,-29.443704478540067,-27.59738004936192,Q5 (least deprived)
2049-01-01,Suitability-driven uptake,1,2.6063830802453936,2.0358606406696573,1.6363261265134754,2.8055906970364357,1.9432492178308165,107,0.18786099261864952,3.0887874844517933,2.5859651189090713,4.129026301460782,-34.08867878034064,-36.72280749077604,-32.05200228335035,Q1 (most deprived)
2049-01-01,Suitability-driven uptake,5,1.3601046094342604,1.1333187662836426,0.8778355675500223,1.6885649645999643,0.6973422362400452,122,0.0631343996049507,1.614733706660434,1.2414377278033233,2.325372585685377,-29.813890574715625,-29.288795733369653,-27.385186572057265,Q5 (least deprived)
2050-01-01,Current trends persist,1,2.6076714778300807,2.0201717239966768,1.6320163830881633,2.800406354487343,1.9579367188045276,107,0.18928088693106757,3.089872732823157,2.5944309278885633,4.139741662142065,-34.619581494837654,-37.09540055412637,-32.35311323658049,Q1 (most deprived)
2050-01-01,Current trends persist,5,1.3521833090619086,1.1261332852389234,0.8722203010839864,1.6782270139461826,0.694268773944297,122,0.06285614140307158,1.619146567609594,1.2397385014734232,2.3262527151154733,-30.44895948478119,-29.6448162215373,-27.85706372134737,Q5 (least deprived)
2050-01-01,Suitability-driven uptake,1,2.5926722702037024,2.0248666028206213,1.6244888480037352,2.790853767483032,1.9361383947918205,107,0.18717356340875513,3.0887874844517933,2.5859651189090713,4.129026301460782,-34.444612553848124,-37.180558387073276,-32.408912810856314,Q1 (most deprived)
2050-01-01,Suitability-driven uptake,5,1.3542335845473157,1.1280137882369698,0.8741998392307859,1.682503606731438,0.6946135537803824,122,0.06288735630275198,1.614733706660434,1.2414377278033233,2.325372585685377,-30.142426358962325,-29.58166006621619,-27.645848364745408,Q5 (least deprived)
