PCON25CD,PCON25NM,Population,Median IMD LSOA Ranking,Relative Deprivation Quintile,Mean NOx Concentration,NOx Concentration Quintile
W07000096,Dwyfor Meirionnydd,99228,19781,3,2.2618140469491306,1
W07000093,Ceredigion Preseli,101532,18206,3,2.3357684629193525,1
W07000112,Ynys Môn,75551,18470,3,2.679241581246657,1
E14001397,North Northumberland,90855,19771,3,3.3118687194459846,1
E14001552,Torridge and Tavistock,94365,16316,2,3.3352278737706222,1
E14001511,St Ives,88502,15752,2,3.4237185421125975,1
E14001385,North Cornwall,96431,15819,2,3.460658645178909,1
W07000085,"Brecon, Radnor and Cwm Tawe",91979,20174,3,3.5325450483856837,1
E14001583,Whitehaven and Workington,98353,15920,2,3.5826805451899415,1
E14001580,Westmorland and Lonsdale,92966,27114,4,3.5898621863294027,1
E14001424,Penrith and Solway,99827,22739,3,3.619619088861096,1
W07000087,Caerfyrddin,94311,17161,2,3.631674045852912,1
W07000083,Bangor Aberconwy,92778,20421,3,3.637645284770453,1
E14001155,Central Devon,94238,23602,3,3.967700031288507,1
E14001486,South East Cornwall,91786,17059,2,4.0348974527528805,1
E14001387,North Devon,98599,19693,3,4.056551922235902,1
E14001484,South Devon,89187,22914,3,4.082324010602565,1
E14001493,South Shropshire,98356,20243,3,4.164388988335095,1
E14001395,North Herefordshire,90113,20120,3,4.189591673944964,1
W07000100,Mid and South Pembrokeshire,103650,19668,3,4.202857598023796,1
E14001508,St Austell and Newquay,95624,15122,2,4.217215310581952,1
E14001148,Camborne and Redruth,96085,15176,2,4.250798503047033,1
E14001076,Barrow and Furness,99005,17510,2,4.267935190138821,1
E14001291,Honiton and Sidmouth,90451,29223,4,4.566513702539941,1
E14001554,Truro and Falmouth,93825,22775,3,4.623808091675498,1
W07000102,Montgomeryshire and Glyndwr,98356,19823,3,4.6517166407675345,1
W07000095,Clwyd North,99846,14311,2,4.695697839477266,1
W07000094,Clwyd East,96566,21411,3,4.757133849079894,1
E14001285,Hexham,97021,27116,4,4.874815767572258,1
E14001548,Tiverton and Minehead,91307,19560,3,4.965673666478839,1
E14001101,Bishop Auckland,92613,12716,2,5.005556910193774,1
E14001381,Newton Abbot,88692,24881,4,5.222196479450575,1
W07000098,Llanelli,97237,15862,2,5.327551390152116,1
E14001444,Richmond and Northallerton,93861,28982,4,5.340227005500021,1
E14001398,North Shropshire,102136,21322,3,5.342336633782734,1
E14001544,Thirsk and Malton,93966,24841,4,5.350555642213119,1
E14001475,Skipton and Ripon,99717,29251,4,5.370948089787318,1
E14001240,Forest of Dean,92627,23332,3,5.3996903496945,1
E14001152,Carlisle,100061,17172,2,5.400922007756565,1
E14001127,Bridlington and The Wolds,90954,22500,3,5.47985201679624,1
E14001575,West Dorset,89742,24460,4,5.540281016101476,1
E14001388,North Dorset,95271,24275,4,5.575701274456747,1
E14001281,Hereford and South Herefordshire,96809,20413,3,5.592372981312448,1
E14001247,Glastonbury and Somerton,93395,24927,4,5.685207138881529,1
E14001343,Louth and Horncastle,98162,15276,2,5.708248355440972,1
E14001372,Morecambe and Lunesdale,99772,24868,4,5.715507290607912,1
E14001485,South Dorset,98374,21233,3,5.787489384347574,1
E14001579,West Worcestershire,99871,25432,4,5.865656116695346,1
E14001232,Exmouth and Exeter East,86930,32124,5,5.971424911259334,1
E14001482,South Cotswolds,92558,33088,5,6.1175022199025655,1
E14001461,Scarborough and Whitby,104299,16715,2,6.260882864989691,1
E14001504,Southport,97139,21159,3,6.290205772804375,1
E14001473,Shrewsbury,96183,26417,4,6.3100201065689285,1
E14001526,Stratford-on-Avon,91868,29919,5,6.325162835093285,1
W07000099,Merthyr Tydfil and Aberdare,100485,10278,1,6.399958891655902,1
E14001551,Torbay,102634,12219,2,6.412911718275565,1
E14001495,South West Devon,96525,30978,5,6.416550735288397,1
W07000097,Gower,94871,27553,4,6.419846418427435,1
E14001396,North Norfolk,88975,18628,3,6.456238843719664,1
E14001572,Wells and Mendip Hills,87371,27654,4,6.464598058812327,1
E14001217,East Wiltshire,92868,29616,4,6.478221496303185,1
E14001195,Derbyshire Dales,90964,32590,5,6.497494831783915,1
E14001497,South West Norfolk,102337,18403,3,6.526793875476974,1
W07000101,Monmouthshire,91294,23899,4,6.546821492157353,1
W07000084,Blaenau Gwent and Rhymney,96885,6852,1,6.553284736247584,1
E14001243,Gainsborough,95523,22903,3,6.566229672470512,1
E14001365,Mid Norfolk,96062,22662,3,6.643336896788342,1
E14001241,Frome and East Somerset,90726,26054,4,6.741774957169607,1
E14001476,Sleaford and North Hykeham,93586,32851,5,6.770264764730881,1
E14001460,Salisbury,89379,27513,4,6.776311605338964,1
E14001114,Boston and Skegness,111465,11176,1,6.780949651665584,1
E14001242,Fylde,98927,28072,4,6.7916837049902545,1
E14001578,West Suffolk,111144,23531,3,6.827180482141009,1
E14001603,Yeovil,100672,21704,3,6.829872248567714,1
E14001487,South Holland and The Deepings,108454,23051,3,6.836390082287003,1
E14001303,Isle of Wight East,69504,14271,2,6.845276967636293,1
E14001067,Arundel and South Downs,94869,30251,5,6.848017193466656,1
E14001106,Blaydon and Consett,89237,18723,3,6.863460733725239,1
E14001224,Ely and East Cambridgeshire,106846,30891,5,6.865009900221836,1
E14001107,Blyth and Ashington,97816,7640,1,6.922735580478057,1
E14001356,Melksham and Devizes,87531,30491,5,7.02061639548728,1
E14001533,Sussex Weald,87557,31550,5,7.0326843561217975,1
W07000107,Rhondda and Ogmore,104764,9352,1,7.0602624714937905,1
E14001104,Blackpool North and Fleetwood,95470,16189,2,7.106718346263283,1
E14001569,Waveney Valley,92753,22998,3,7.12854148799863,1
E14001164,Chester South and Eddisbury,89188,29494,4,7.131479470774492,1
E14001591,Witney,93828,35576,5,7.146155132953782,1
E14001543,The Wrekin,106716,24243,4,7.162698088967334,1
E14001203,Droitwich and Evesham,100464,25885,4,7.200467706058313,1
E14001374,New Forest West,84776,31817,5,7.217355451529717,1
E14001386,North Cotswolds,78927,30163,5,7.25379711248516,1
E14001498,South West Wiltshire,89534,24877,4,7.293855535487616,1
E14001382,Newton Aycliffe and Spennymoor,89680,11466,1,7.308256109140935,1
E14001318,Lancaster and Wyre,102548,24497,4,7.314299583540669,1
E14001529,Stroud,96818,32797,5,7.359595629238323,1
E14001253,Grantham and Bourne,95320,27538,4,7.401340394558442,1
E14001458,Rutland and Stamford,89016,34159,5,7.451586690559911,1
E14001304,Isle of Wight West,71275,17636,2,7.46874291280862,1
E14001088,Bexhill and Battle,87915,21254,3,7.505098291481109,1
E14001481,South Cambridgeshire,104509,32701,5,7.518627195477041,1
E14001211,Easington,97981,7863,1,7.5442152105966525,1
E14001269,Harrogate and Knaresborough,100159,32622,5,7.559762588984645,1
E14001231,Exeter,100853,23370,3,7.567344336287767,1
E14001087,Beverley and Holderness,88726,28564,4,7.593693440315371,1
E14001168,Chippenham,95689,31707,5,7.603524403023545,1
E14001250,Goole and Pocklington,105494,33293,5,7.608837689103818,1
E14001072,Banbury,96940,27018,4,7.610518100332715,1
W07000111,Wrexham,101031,20512,3,7.646702822567316,1
E14001390,North East Cambridgeshire,101699,14309,2,7.654564149139737,1
E14001405,North West Norfolk,101918,16399,2,7.660479406065932,1
E14001136,Broadland and Fakenham,93988,26801,4,7.674601084866222,1
E14001589,Wirral West,88801,31180,5,7.678179764889384,1
E14001582,Wetherby and Easingwold,92117,33569,5,7.684645440795843,1
E14001173,City of Durham,105164,26678,4,7.733260662693347,1
E14001330,Lewes,95204,29471,4,7.759653548710489,1
E14001540,Taunton and Wellington,103247,23284,3,7.761853169493586,1
W07000082,Alyn and Deeside,102431,25443,4,7.785063179365185,1
E14001308,Keighley and Ilkley,100621,19936,3,7.803465070639065,1
E14001376,Newbury,96811,32852,5,7.805490678670881,1
E14001360,Mid Buckinghamshire,88119,36961,5,7.816163844138867,1
E14001128,Brigg and Immingham,88893,26460,4,7.836371303801233,1
E14001108,Bognor Regis and Littlehampton,101126,19864,3,7.8518006378922305,1
E14001166,Chichester,101186,24842,4,7.905056774480019,1
E14001309,Kenilworth and Southam,92989,32507,5,7.923290341921733,2
E14001514,Staffordshire Moorlands,85264,28434,4,7.99677333315418,2
E14001403,North West Hampshire,95500,32410,5,7.9983347377894445,2
E14001126,Bridgwater,92083,17526,2,8.01774427500564,2
E14001214,East Hampshire,91887,35643,5,8.027975284611708,2
E14001490,South Northamptonshire,98505,36526,5,8.029168053519152,2
E14001287,High Peak,91106,28789,4,8.035490121402326,2
E14001489,South Norfolk,84752,29869,5,8.053250858374591,2
E14001541,Telford,94981,13165,2,8.075558337158474,2
E14001389,North Durham,95527,13499,2,8.146236609455888,2
W07000103,Neath and Swansea East,98510,13399,2,8.153134614976336,2
E14001570,Weald of Kent,95145,23733,3,8.168967092849806,2
E14001219,Eastbourne,104615,17343,2,8.180746826587232,2
W07000081,Aberafan Maesteg,94416,7396,1,8.209896568960286,2
E14001581,Weston-super-Mare,93956,22364,3,8.249583842085752,2
E14001605,York Outer,90903,38418,5,8.26881098387411,2
W07000110,Vale of Glamorgan,92265,25532,4,8.280700021409531,2
W07000086,Bridgend,89801,23570,3,8.287630123479904,2
E14001090,Bicester and Woodstock,92311,33783,5,8.303925066301563,2
E14001512,St Neots and Mid Cambridgeshire,97474,36004,5,8.321657503067376,2
E14001274,Hastings and Rye,105472,11889,2,8.325587809344169,2
E14001105,Blackpool South,110156,3452,1,8.327129229322574,2
E14001599,Worthing West,94514,24546,4,8.347187759348312,2
E14001366,Mid Sussex,92914,37748,5,8.406574551862416,2
E14001197,Didcot and Wantage,98057,34738,5,8.43465839358625,2
E14001368,Middlesbrough South and East Cleveland,88894,15382,2,8.436583324690895,2
E14001298,Huntingdon,105451,32553,5,8.450980266807456,2
E14001234,Farnham and Bordon,100111,35320,5,8.459435140465635,2
E14001363,Mid Dorset and North Poole,96730,30198,5,8.45953333723765,2
E14001192,Daventry,98468,30347,5,8.471979348203272,2
E14001375,Newark,107506,28299,4,8.51305978614093,2
E14001280,Henley and Thame,95964,36881,5,8.528350528285648,2
E14001282,Herne Bay and Sandwich,97037,20179,3,8.545105398825145,2
E14001199,Doncaster East and the Isle of Axholme,92381,21218,3,8.59103691816201,2
E14001294,Horsham,92442,34192,5,8.597998458363366,2
E14001239,Folkestone and Hythe,91767,15610,2,8.600895405146892,2
E14001513,Stafford,95045,28338,4,8.607058122240865,2
E14001384,North Bedfordshire,89788,30073,5,8.610572457903205,2
E14001422,Pendle and Clitheroe,108218,17856,3,8.611643364734617,2
E14001171,Christchurch,84773,32783,5,8.614714632869086,2
E14001462,Scunthorpe,103135,18574,3,8.616563740898693,2
E14001601,Wyre Forest,99813,19989,3,8.631648858102096,2
E14001494,South Suffolk,92371,27854,4,8.696042007370467,2
E14001212,East Grinstead and Uckfield,95342,34984,5,8.714441301364959,2
E14001441,Redditch,94297,22484,3,8.72082352753902,2
W07000109,Torfaen,92863,14238,2,8.72478062920463,2
E14001146,Bury St Edmunds and Stowmarket,102001,28082,4,8.73823040710386,2
E14001202,Dover and Deal,100771,19406,3,8.740767838348546,2
E14001542,Tewkesbury,92890,32997,5,8.741241657815186,2
E14001530,Suffolk Coastal,96772,24007,4,8.798423287284695,2
E14001426,Plymouth Moor View,101472,12208,2,8.807933161138225,2
E14001555,Tunbridge Wells,105004,31495,5,8.885383924593128,2
E14001190,Darlington,96759,14577,2,8.928521646184882,2
E14001121,Braintree,105317,27155,4,8.954713333511917,2
E14001519,Stockton West,93165,33382,5,8.970294020041454,2
E14001347,Macclesfield,96659,32857,5,8.994053139755955,2
E14001361,Mid Cheshire,90508,23272,3,9.006863616844948,2
E14001249,Godalming and Ash,98384,34004,5,9.015008757019135,2
E14001491,South Ribble,96838,30710,5,9.02401582927355,2
E14001463,Sefton Central,90036,29161,4,9.02526421555539,2
E14001079,Bassetlaw,108066,18827,3,9.135854889227105,2
E14001272,Hartlepool,95810,7773,1,9.156970525668031,2
E14001402,North West Essex,99712,31924,5,9.176039726135452,2
E14001392,North East Hampshire,95782,39882,5,9.177547962813415,2
E14001179,Corby and East Northamptonshire,111131,22677,3,9.194789806314336,2
W07000106,Pontypridd,102369,13045,2,9.195891528045138,2
E14001178,Congleton,86268,33348,5,9.22130539417962,2
E14001439,Reading West and Mid Berkshire,95859,30250,5,9.224529146979528,2
E14001587,Winchester,106236,36267,5,9.231453955278395,2
E14001373,New Forest East,91156,29098,4,9.246152131422052,2
E14001399,North Somerset,92428,35794,5,9.336179896824154,2
E14001464,Selby,97368,29009,4,9.38301159736876,2
E14001393,North East Hertfordshire,99123,32008,5,9.38528383441436,2
E14001394,North East Somerset and Hanham,94751,32746,5,9.390137419428765,2
E14001483,South Derbyshire,89167,28875,4,9.404726321572872,2
E14001450,Rossendale and Darwen,102945,14406,2,9.416267711400646,2
E14001174,Clacton,99108,11713,2,9.533367441968462,2
E14001216,East Thanet,104123,10775,1,9.534376451432154,2
E14001597,Worcester,102625,24369,4,9.558575548904155,2
E14001071,Aylesbury,105044,31455,5,9.561234868993727,2
E14001141,Buckingham and Bletchley,96770,30549,5,9.569069579505609,2
E14001404,North West Leicestershire,98992,28533,4,9.601002091990836,2
E14001443,Ribble Valley,100613,32351,5,9.669332678916945,2
E14001423,Penistone and Stocksbridge,92491,28616,4,9.70353109302423,2
E14001151,Canterbury,105360,29220,4,9.72150977066733,2
E14001577,West Lancashire,101957,24935,4,9.739840007304416,2
E14001539,Tatton,98077,35176,5,9.772561632632277,2
E14001335,Lichfield,89541,30972,5,9.783519062403524,2
E14001156,Central Suffolk and North Ipswich,91456,30191,5,9.788539134303011,2
E14001273,Harwich and North Essex,97448,25138,4,9.802461745435613,2
E14001080,Bath,102566,36596,5,9.838799683379532,2
E14001590,Witham,100847,28046,4,9.87458545640031,2
E14001391,North East Derbyshire,92600,24363,4,9.875454265759627,2
E14001316,Kingswinford and South Staffordshire,90470,33221,5,9.935477361504775,2
E14001471,Sherwood Forest,94005,18788,3,9.936177935753928,2
E14001289,Hitchin,101167,36493,5,9.937040020185,2
E14001359,Mid Bedfordshire,82809,36518,5,9.950033711140652,2
W07000108,Swansea West,110016,12230,2,9.973293947809893,2
E14001177,Colne Valley,93322,26293,4,9.97957306286576,2
W07000088,Caerphilly,96660,15989,2,9.988211443767018,2
E14001143,Burton and Uttoxeter,114058,23668,3,10.002368520258011,2
E14001129,Brighton Kemptown and Peacehaven,96078,15405,2,10.02221670851895,2
E14001142,Burnley,111108,5921,1,10.034169242083289,2
E14001440,Redcar,93849,15847,2,10.03775229026447,2
E14001185,Crewe and Nantwich,108297,22320,3,10.04140146755893,2
E14001069,Ashford,105334,24791,4,10.112848044861456,2
E14001545,Thornbury and Yate,97418,31749,5,10.133473180650537,2
E14001401,North West Cambridgeshire,103587,23094,3,10.137929901993058,2
E14001549,Tonbridge,96014,28830,4,10.153426469345662,2
E14001161,Cheltenham,98026,34360,5,10.19406596082378,2
E14001449,Romsey and Southampton North,94946,29517,4,10.201264588048897,2
E14001336,Lincoln,113193,19323,3,10.217395886041947,2
E14001163,Chester North and Neston,91180,28402,4,10.239439263721785,2
E14001218,East Worthing and Shoreham,99930,25447,4,10.239716868158355,2
E14001344,Lowestoft,94179,16225,2,10.270683906091698,2
E14001357,Melton and Syston,95217,29811,4,10.298899802637484,2
E14001295,Houghton and Sunderland South,101258,10416,1,10.33928855847349,2
E14001566,Warwick and Leamington,104840,30494,5,10.368277043328565,2
E14001522,Stoke-on-Trent South,91855,19563,3,10.370865878089068,2
E14001523,"Stone, Great Wyrley and Penkridge",94430,29381,4,10.385663182071731,2
E14001078,Basingstoke,104119,27198,4,10.390018740237364,2
E14001255,Great Grimsby and Cleethorpes,109610,7902,1,10.39286023269593,3
E14001351,Maldon,96499,28576,4,10.399456835422985,3
E14001299,Hyndburn,92987,9758,1,10.492036272789692,3
E14001488,South Leicestershire,99621,33061,5,10.521072732682605,3
E14001138,Bromsgrove,97463,34286,5,10.5676334637279,3
E14001288,Hinckley and Bosworth,97903,29694,4,10.58775915598738,3
E14001468,Sheffield Hallam,91115,38598,5,10.658175243288795,3
E14001453,Rugby,100705,27899,4,10.658332300075134,3
E14001252,Gosport,93399,24410,4,10.665329317353716,3
E14001536,Swindon North,97722,28909,4,10.67040475170452,3
E14001109,Bolsover,98691,15473,2,10.698426944455854,3
E14001370,Milton Keynes North,86267,28773,4,10.73768546676891,3
E14001383,Normanton and Hemsworth,103242,11122,1,10.822706431273788,3
E14001147,Calder Valley,98465,21941,3,10.848892666629355,3
E14001115,Bournemouth East,105727,21104,3,10.87677341901444,3
E14001102,Blackburn,112216,5552,1,10.88359322979419,3
E14001150,Cannock Chase,99886,20270,3,10.89657085033128,3
E14001571,Wellingborough and Rushden,109411,19055,3,10.953238682029571,3
E14001248,Gloucester,110558,20802,3,10.985702408386736,3
W07000105,Newport West and Islwyn,98122,18221,3,10.998927456716428,3
E14001311,Kettering,105271,25471,4,11.01934918221252,3
E14001206,Dunstable and Leighton Buzzard,100898,27705,4,11.03448517154104,3
E14001429,Poole,94503,26277,4,11.037943467450264,3
E14001165,Chesterfield,93871,15464,2,11.039717980952696,3
E14001593,Wokingham,102836,40197,5,11.04133930347058,3
E14001266,"Harborough, Oadby and Wigston",100272,35384,5,11.042406403523238,3
E14001262,Halifax,107676,10185,1,11.080011369752553,3
E14001200,Doncaster North,96655,10225,1,11.124690519826016,3
E14001235,Faversham and Mid Kent,97353,22040,3,11.131525173850193,3
E14001275,Havant,94431,21405,3,11.15883123466253,3
E14001268,Harpenden and Berkhamsted,95453,40083,5,11.159621792642278,3
E14001170,Chorley,96576,28324,4,11.203559740629672,3
E14001427,Plymouth Sutton and Devonport,106401,9974,1,11.211948112638284,3
E14001116,Bournemouth West,101834,18265,3,11.216602878733282,3
E14001604,York Central,111811,27240,4,11.227960664788052,3
E14001472,Shipley,98293,24643,4,11.249802025168515,3
E14001162,Chesham and Amersham,100704,39422,5,11.286404767966328,3
E14001561,Wallasey,97035,10264,1,11.311631688375996,3
E14001149,Cambridge,122996,29255,4,11.35548318592816,3
E14001283,Hertford and Stortford,103041,39149,5,11.359510167259014,3
E14001537,Swindon South,108289,24202,4,11.39028770317047,3
E14001074,Barnsley North,104390,12306,2,11.428357592686243,3
E14001418,Ossett and Denby Dale,95051,29357,4,11.456319818291648,3
E14001457,Rushcliffe,99254,38714,5,11.506048984883131,3
E14001256,Great Yarmouth,102034,12168,2,11.530944448281955,3
E14001355,Mansfield,104390,11570,2,11.554335969773035,3
E14001075,Barnsley South,104065,8384,1,11.609481002816842,3
E14001315,Kingston upon Hull West and Haltemprice,102436,16065,2,11.624400426206396,3
E14001066,Amber Valley,90766,19988,3,11.62736196366496,3
E14001408,Norwich North,98116,22988,3,11.654867558957765,3
E14001420,Oxford West and Abingdon,106435,35248,5,11.658058628288895,3
E14001233,Fareham and Waterlooville,96158,33285,5,11.673106400559666,3
E14001380,Newcastle-under-Lyme,94664,23895,3,11.679419165281228,3
E14001474,Sittingbourne and Sheppey,106342,16176,2,11.73262060112274,3
E14001201,Dorking and Horley,90723,32988,5,11.736701557026851,3
E14001222,Ellesmere Port and Bromborough,93009,14837,2,11.765783916076858,3
E14001600,Wycombe,104142,25842,4,11.785143374836055,3
E14001117,Bracknell,99331,29988,5,11.841852141786529,3
E14001413,Nuneaton,94854,15325,2,11.874646324314892,3
E14001538,Tamworth,102550,23497,3,11.882698480640174,3
E14001183,Cramlington and Killingworth,94206,18250,3,11.899300358898952,3
E14001409,Norwich South,103013,15856,2,11.927099575501323,3
E14001455,Runcorn and Helsby,91692,18453,3,11.97713384403675,3
E14001296,Hove and Portslade,102025,22738,3,11.998248814832616,3
E14001258,Guildford,103732,38621,5,12.019582995232442,3
E14001176,Colchester,101767,22690,3,12.049537450876834,3
E14001433,Preston,119465,8119,1,12.06347240355016,3
E14001518,Stockton North,95306,8512,1,12.072545193124489,3
E14001451,Rother Valley,93672,22059,3,12.12106039366163,3
E14001084,Bedford,105401,16605,2,12.127318488577975,3
E14001091,Birkenhead,103417,6805,1,12.138029761161462,3
E14001516,Stevenage,97272,20806,3,12.147253833912464,3
E14001314,Kingston upon Hull North and Cottingham,112419,11997,2,12.185280268165126,3
E14001215,East Surrey,98978,30024,5,12.191343329969875,3
E14001369,Milton Keynes Central,120805,26325,4,12.242240650334969,3
E14001342,Loughborough,98100,29324,4,12.246230055414884,3
E14001362,Mid Derbyshire,86756,36105,5,12.29184560817938,3
E14001425,Peterborough,126724,7871,1,12.363134753761903,3
E14001322,Leeds North West,94716,34366,5,12.36524355740611,3
E14001063,Aldershot,115740,29255,4,12.396318535785635,3
E14001501,Southend East and Rochford,97807,13468,2,12.495641630196408,3
E14001135,Bristol South,104311,11668,2,12.50736469624508,3
E14001263,Hamble Valley,101295,35681,5,12.52995573173601,3
E14001130,Brighton Pavilion,103439,27653,4,12.552560740805442,3
E14001521,Stoke-on-Trent North,97813,11488,2,12.552809191177282,3
E14001159,Chelmsford,102486,32500,5,12.702826874132462,3
E14001407,Northampton South,102348,27091,4,12.70432787474193,3
E14001278,Hemel Hempstead,101443,24155,4,12.706434571652098,3
E14001531,Sunderland Central,102918,10610,1,12.709245624472713,3
E14001267,Harlow,106148,18051,3,12.713566290270297,3
E14001210,Earley and Woodley,96875,39018,5,12.751273595133377,3
E14001125,Brentwood and Ongar,95969,30817,5,12.794733751245786,3
E14001348,Maidenhead,99557,38917,5,12.803913731703627,3
E14001068,Ashfield,95273,15001,2,12.823964053501768,3
E14001419,Oxford East,116560,23001,3,12.838252782390027,3
E14001400,North Warwickshire and Bedworth,94349,20712,3,12.839782640260934,3
E14001592,Woking,104299,34445,5,12.843729713268466,3
E14001465,Sevenoaks,97529,30646,5,12.956697484844469,3
E14001302,Ipswich,114393,13685,2,12.967964233142814,3
E14001532,Surrey Heath,98990,37031,5,12.968984908870151,3
E14001442,Reigate,107777,35398,5,13.012996990192203,3
E14001585,Wigan,105641,14429,2,13.073904822757576,3
E14001184,Crawley,116797,18123,3,13.082279295672828,3
E14001220,Eastleigh,89334,36497,5,13.09215331022902,3
E14001350,Makerfield,103018,21933,3,13.13730100803472,3
E14001112,Bolton West,100315,21312,3,13.171798833600253,3
W07000104,Newport East,106561,7445,1,13.23627484994239,3
E14001492,South Shields,89086,10168,1,13.286266263341997,3
E14001436,Rawmarsh and Conisbrough,93231,10253,1,13.290211530940384,3
E14001596,Wolverhampton West,112036,16150,2,13.29197281444435,3
E14001198,Doncaster Central,108804,13642,2,13.29852837906665,3
E14001428,"Pontefract, Castleford and Knottingley",95160,11245,1,13.344930158023036,3
E14001565,Warrington South,94615,32231,5,13.35119691892076,3
E14001437,Rayleigh and Wickford,97036,35169,5,13.393443491052707,3
E14001509,St Helens North,98527,12009,2,13.416373517775568,3
E14001364,Mid Leicestershire,98597,33650,5,13.44326207765256,3
E14001313,Kingston upon Hull East,108712,4283,1,13.45750335222626,4
E14001329,Leigh and Atherton,109386,12157,2,13.464022571159417,4
E14001349,Maidstone and Malling,109716,27711,4,13.635733191395522,4
W07000092,Cardiff West,102558,19188,3,13.66360097488614,4
E14001181,Coventry North West,104468,19636,3,13.67045683121948,4
E14001438,Reading Central,115813,21263,3,13.73969464015077,4
E14001524,Stourbridge,94924,16864,2,13.77436633325727,4
E14001502,Southend West and Leigh,102981,25370,4,13.881180109779873,4
E14001567,Washington and Gateshead South,93595,12574,2,13.906452315706,4
E14001469,Sheffield Heeley,107309,9595,1,13.989111056383168,4
E14001134,Bristol North West,109692,21494,3,14.01611086141509,4
E14001406,Northampton North,132125,12369,2,14.03441116308349,4
E14001496,South West Hertfordshire,97081,36206,5,14.04794642139391,4
E14001573,Welwyn Hatfield,111962,26130,4,14.050665680174763,4
E14001507,St Albans,98458,36039,5,14.122475159887191,4
E14001097,Birmingham Northfield,105546,5803,1,14.150229348981204,4
E14001139,Broxbourne,105466,24220,4,14.159577963893044,4
E14001277,Hazel Grove,95696,20735,3,14.2172619819693,4
E14001154,Castle Point,91383,25094,4,14.246705302480189,4
E14001470,Sheffield South East,102867,12489,2,14.298389570675866,4
E14001245,Gedling,101719,28202,4,14.336744687157063,4
E14001446,Rochdale,102119,7156,1,14.45457640556884,4
E14001367,Middlesbrough and Thornaby East,112647,3228,1,14.461065714391822,4
E14001082,Beaconsfield,96549,33595,5,14.468925100086546,4
E14001584,Widnes and Halewood,92477,10570,1,14.551547829599215,4
E14001065,Altrincham and Sale West,101618,35893,5,14.574044678095664,4
E14001297,Huddersfield,115184,9652,1,14.63393915339479,4
E14001345,Luton North,115766,16931,2,14.64422944437782,4
E14001110,Bolton North East,114800,9030,1,14.676157314723277,4
E14001144,Bury North,101939,20453,3,14.686264257884824,4
E14001564,Warrington North,96395,18518,3,14.718583493901424,4
E14001515,Stalybridge and Hyde,98400,10264,1,14.741126502402755,4
E14001307,Jarrow and Gateshead East,91546,8306,1,14.798113335393078,4
E14001133,Bristol North East,99707,16013,2,14.846448979333418,4
E14001337,Liverpool Garston,95696,10467,1,14.8766817345945,4
E14001415,Oldham East and Saddleworth,110217,9481,1,14.878115366020763,4
E14001228,Erewash,95333,22818,3,14.909709024801865,4
E14001557,Tynemouth,95720,28496,4,14.911286142833038,4
E14001261,Halesowen,93834,16787,2,14.937231739552155,4
E14001158,Cheadle,97540,33333,5,14.950436346616948,4
E14001077,Basildon and Billericay,106912,13290,2,14.952056722323189,4
E14001140,Broxtowe,95452,27834,4,14.979147686349402,4
W07000090,Cardiff North,91751,29828,5,14.994433484489878,4
E14001244,Gateshead Central and Whickham,102590,10135,1,14.99566027959363,4
E14001237,Filton and Bradley Stoke,96748,35729,5,15.042447496429556,4
E14001417,Orpington,98278,28846,4,15.046651927894352,4
E14001520,Stoke-on-Trent Central,113430,7174,1,15.08064228552858,4
E14001187,Croydon South,103228,29157,4,15.096211319368033,4
E14001157,Chatham and Aylesford,99522,19819,3,15.103344153907829,4
E14001193,Derby North,104398,16910,2,15.137333257600396,4
E14001479,Solihull West and Shirley,93468,34439,5,15.182830505669996,4
E14001358,Meriden and Solihull East,100365,24436,4,15.267941596273788,4
E14001499,Southampton Itchen,107148,14702,2,15.269859964545562,4
E14001560,Wakefield and Rothwell,105895,15277,2,15.28819807407329,4
E14001180,Coventry East,118485,8963,1,15.290337888592797,4
E14001466,Sheffield Brightside and Hillsborough,114251,3211,1,15.2979261367732,4
E14001227,Epsom and Ewell,105231,37355,5,15.31797855136916,4
E14001132,Bristol East,111117,12366,2,15.351993582526314,4
E14001432,Portsmouth South,107966,15389,2,15.36041299867562,4
E14001447,Rochester and Strood,95498,16708,2,15.36564591032937,4
E14001510,St Helens South and Whiston,94841,11310,1,15.443118496280002,4
E14001182,Coventry South,114208,20775,3,15.44650243801134,4
E14001113,Bootle,101736,4848,1,15.44967133303097,4
E14001246,Gillingham and Rainham,101372,18074,3,15.54193383315151,4
E14001284,Hertsmere,102716,28209,4,15.574073932892729,4
E14001500,Southampton Test,111421,12479,2,15.597054608710671,4
E14001321,Leeds North East,95252,27932,4,15.60787762770408,4
E14001588,Windsor,111868,34524,5,15.692259057956443,4
E14001286,Heywood and Middleton North,101229,8940,1,15.704489617561755,4
E14001317,Knowsley,93751,2969,1,15.710396538462131,4
E14001204,Dudley,98404,9572,1,15.72195958743165,4
E14001346,Luton South and South Bedfordshire,119583,12638,2,15.722429935724454,4
E14001064,Aldridge-Brownhills,96142,27185,4,15.76814271746654,4
E14001377,Newcastle upon Tyne Central and West,130671,7903,1,15.779672166217644,4
E14001431,Portsmouth North,100983,16138,2,15.841770015698485,4
E14001120,Bradford West,121264,5001,1,16.038402052623866,4
E14001194,Derby South,117884,6386,1,16.06811786912613,4
E14001379,Newcastle upon Tyne North,101268,30027,5,16.07933318742303,4
E14001452,Rotherham,105440,7637,1,16.14157843648292,4
E14001340,Liverpool Wavertree,112252,7374,1,16.15015120593142,4
E14001568,Watford,105406,25089,4,16.15384384218648,4
E14001411,Nottingham North and Kimberley,107121,6158,1,16.201391550615835,4
E14001254,Gravesham,105215,19708,3,16.266873025389213,4
E14001099,Birmingham Selly Oak,106176,13450,2,16.306752650126775,4
E14001454,"Ruislip, Northwood and Pinner",100134,33668,5,16.325642563598738,4
W07000089,Cardiff East,111204,11128,1,16.341935272402953,4
W07000091,Cardiff South and Penarth,108585,16970,2,16.37732343944111,4
E14001594,Wolverhampton North East,103632,7466,1,16.378558275750603,4
E14001506,Spen Valley,96971,20087,3,16.386628196714298,4
E14001226,Epping Forest,102671,27525,4,16.39625288844404,4
E14001119,Bradford South,108307,7637,1,16.420985820976988,4
E14001480,South Basildon and East Thurrock,101246,19713,3,16.440922073239864,4
E14001535,Sutton Coldfield,97575,30936,5,16.489256604760783,4
E14001292,Hornchurch and Upminster,105829,29720,4,16.86158266585921,4
E14001196,Dewsbury and Batley,102029,7790,1,16.884037451800832,4
E14001341,Liverpool West Derby,98659,4612,1,16.898461268807647,4
E14001339,Liverpool Walton,100387,2159,1,17.034025258495113,4
E14001137,Bromley and Biggin Hill,96359,32455,5,17.0656601127489,4
E14001456,Runnymede and Weybridge,106641,32137,5,17.141924173262034,4
E14001320,Leeds East,113390,6280,1,17.17635958232179,4
E14001378,Newcastle upon Tyne East and Wallsend,118777,10795,1,17.198805341898098,4
E14001467,Sheffield Central,100234,20217,3,17.22870337296484,4
E14001186,Croydon East,108692,18750,3,17.266786955266245,4
E14001325,Leeds West and Pudsey,99520,10202,1,17.37840729777545,4
E14001230,Esher and Walton,103124,38699,5,17.425973003995736,4
E14001111,Bolton South and Walkden,122273,4719,1,17.513505097831363,4
E14001598,Worsley and Eccles,111262,15208,2,17.69938553064127,4
E14001145,Bury South,106158,17751,2,17.955122373227997,4
E14001477,Slough,131772,15739,2,17.959761431034966,4
E14001092,Birmingham Edgbaston,105713,11441,1,18.02085356887748,4
E14001169,Chipping Barnet,115521,29321,4,18.029770913574627,4
E14001153,Carshalton and Wallington,103122,25374,4,18.06053539075596,4
E14001595,Wolverhampton South East,120322,5712,1,18.178327528849064,5
E14001328,Leicester West,120827,9080,1,18.23748988735251,5
E14001412,Nottingham South,124269,11817,2,18.277288866962433,5
E14001534,Sutton and Cheam,104095,32799,5,18.296868339035285,5
E14001324,Leeds South West and Morley,95265,20308,3,18.382770685444584,5
E14001448,Romford,106187,24294,4,18.48598538416098,5
E14001517,Stockport,102534,13158,2,18.50027358780391,5
E14001131,Bristol Central,89654,27382,4,18.512879997152105,5
E14001602,Wythenshawe and Sale East,112990,5477,1,18.533374221623703,5
E14001225,Enfield North,130604,10991,1,18.670301909333062,5
E14001528,Stretford and Urmston,101090,18245,3,18.67928459020261,5
E14001354,Manchester Withington,91592,17055,2,18.852902921718787,5
E14001094,Birmingham Hall Green and Moseley,113251,7267,1,18.867149351625113,5
E14001118,Bradford East,121212,2840,1,18.93669924747265,5
E14001089,Bexleyheath and Crayford,94008,26612,4,19.059813246233563,5
E14001270,Harrow East,118524,24965,4,19.087940842712488,5
E14001414,Old Bexley and Sidcup,101850,32719,5,19.146092413742963,5
E14001191,Dartford,95238,20439,3,19.246160152170216,5
E14001100,Birmingham Yardley,117516,4967,1,19.252779770560267,5
E14001478,Smethwick,112960,7425,1,19.25572831271964,5
E14001338,Liverpool Riverside,115804,2066,1,19.308470133817043,5
E14001271,Harrow West,112490,22834,3,19.55000804523447,5
E14001070,Ashton-under-Lyne,99263,9221,1,19.57875556876356,5
E14001251,Gorton and Denton,111624,4962,1,19.5856594469487,5
E14001562,Walsall and Bloxwich,112548,3661,1,19.611514549380296,5
E14001558,Uxbridge and South Ruislip,109115,28414,4,19.64448019666985,5
E14001326,Leicester East,118714,13253,2,19.651909937140037,5
E14001416,"Oldham West, Chadderton and Royton",110917,5989,1,19.67394808617522,5
E14001103,Blackley and Middleton South,109459,4392,1,19.798469194067422,5
E14001083,Beckenham and Penge,105519,31664,5,19.90528315698745,5
E14001546,Thurrock,117202,16902,2,19.96801730662256,5
E14001547,Tipton and Wednesbury,112029,7149,1,19.98137546573872,5
E14001327,Leicester South,120775,12364,2,20.086678234341967,5
E14001312,Kingston and Surbiton,115785,29947,5,20.315816307187895,5
E14001574,West Bromwich,109674,8717,1,20.395762222492433,5
E14001095,Birmingham Hodge Hill and Solihull North,120572,3009,1,20.413592327828777,5
E14001410,Nottingham East,126231,8358,1,20.480614514551956,5
E14001323,Leeds South,125407,2895,1,21.08229811810855,5
E14001189,Dagenham and Rainham,119694,11635,2,21.12491914386639,5
E14001319,Leeds Central and Headingley,103389,18453,3,21.135765337897844,5
E14001300,Ilford North,120388,23753,3,21.15102131100246,5
E14001223,Eltham and Chislehurst,106810,18699,3,21.48475038016307,5
E14001505,Spelthorne,101901,27030,4,21.486591082610417,5
E14001556,Twickenham,107881,36260,5,21.538834801106063,5
E14001586,Wimbledon,109269,36005,5,21.883458704472854,5
E14001503,Southgate and Wood Green,124576,17352,2,21.983335418901905,5
E14001093,Birmingham Erdington,119427,3866,1,22.110461778877006,5
E14001279,Hendon,114076,19771,3,22.187315794064297,5
E14001371,Mitcham and Morden,122301,21694,3,22.20947836844729,5
E14001167,Chingford and Woodford Green,111151,22285,3,22.358328072134235,5
E14001229,Erith and Thamesmead,136195,13875,2,22.431329389117575,5
E14001331,Lewisham East,114772,10462,1,22.476443819844267,5
E14001459,Salford,115859,5750,1,22.48541609829465,5
E14001188,Croydon West,109784,11249,1,22.534320244034703,5
E14001445,Richmond Park,110548,36183,5,22.572556865397697,5
E14001221,Edmonton and Winchmore Hill,125952,10011,1,22.580740506256408,5
E14001098,Birmingham Perry Barr,114311,4390,1,22.632092479872284,5
E14001208,Ealing North,128909,18118,3,22.632567117616656,5
E14001238,Finchley and Golders Green,126183,27863,4,23.16194534650063,5
E14001123,Brent West,126666,17613,2,23.187518049296976,5
E14001527,Streatham and Croydon North,118125,16706,2,23.55238822179428,5
E14001352,Manchester Central,117589,6453,1,23.573880035568926,5
E14001353,Manchester Rusholme,115853,8619,1,23.574430472803225,5
E14001301,Ilford South,128377,18558,3,23.875983915375784,5
E14001293,Hornsey and Friern Barnet,99888,24193,4,23.98055585111536,5
E14001333,Lewisham West and East Dulwich,99430,19870,3,24.214297815009505,5
E14001550,Tooting,106919,23502,3,24.298045876578364,5
E14001434,Putney,107693,27659,4,24.300213231891615,5
E14001073,Barking,128629,8210,1,24.307489908482037,5
E14001209,Ealing Southall,125669,13613,2,24.57804163899317,5
E14001124,Brentford and Isleworth,118261,20505,3,24.859165894304827,5
E14001563,Walthamstow,119383,12893,2,25.29246062378825,5
E14001236,Feltham and Heston,132641,15284,2,25.43496198139518,5
E14001276,Hayes and Harlington,121761,14844,2,25.57071522442632,5
E14001096,Birmingham Ladywood,147005,2399,1,25.93277040505048,5
E14001553,Tottenham,133855,7876,1,26.046976648153297,5
E14001122,Brent East,127605,12359,2,26.359220703357725,5
E14001205,Dulwich and West Norwood,103077,15990,2,26.436004733936223,5
E14001207,Ealing Central and Acton,128052,16559,2,26.53542726118492,5
E14001334,Leyton and Wanstead,112548,16568,2,26.763236005005577,5
E14001257,Greenwich and Woolwich,105835,14337,2,27.42471335300622,5
E14001213,East Ham,130879,11485,1,27.618405483416645,5
E14001332,Lewisham North,109624,13057,2,27.767914122367753,5
E14001175,Clapham and Brixton Hill,103740,14194,2,28.41413358764788,5
E14001081,Battersea,103610,24538,4,28.714531197341557,5
E14001264,Hammersmith and Chiswick,113979,18538,3,28.82627666651189,5
E14001265,Hampstead and Highgate,118571,26985,4,29.31609730620104,5
E14001259,Hackney North and Stoke Newington,115499,9915,1,29.676528008485764,5
E14001576,West Ham and Beckton,123811,9695,1,29.68539839353549,5
E14001435,Queen's Park and Maida Vale,126101,10543,1,29.714791075654613,5
E14001525,Stratford and Bow,108048,11828,2,30.06206446024505,5
E14001305,Islington North,107332,11034,1,30.245875811341858,5
E14001160,Chelsea and Fulham,124470,24062,4,30.26550238380009,5
E14001421,Peckham,104234,9740,1,30.61128858293239,5
E14001310,Kensington and Bayswater,139093,20615,3,33.55139488566362,5
E14001559,Vauxhall and Camberwell Green,101816,11610,2,34.04277245703606,5
E14001430,Poplar and Limehouse,116847,14815,2,34.76291062437496,5
E14001260,Hackney South and Shoreditch,108260,8055,1,35.93452497263827,5
E14001085,Bermondsey and Old Southwark,105370,13239,2,37.4693559542163,5
E14001086,Bethnal Green and Stepney,129608,10137,1,37.92374885912262,5
E14001306,Islington South and Finsbury,118969,12263,2,38.58613946042865,5
E14001172,Cities of London and Westminster,134664,23873,3,41.302534259440975,5
E14001290,Holborn and St Pancras,119515,16480,2,41.481562117396344,5
